id,pkg,func
116,net,(net.IP).String
477,github.com/picatz/taint/callgraphutil,github.com/picatz/taint/callgraphutil.pruneSet
549,os,os.IsNotExist
1088,shared,(*go/types.Const).setOrder
1419,shared,(*net/http.Header).writeSubset
368,shared,(*github.com/muesli/termenv.Profile).FromColor
567,github.com/picatz/taint/callgraphutil,github.com/picatz/taint/callgraphutil.getNodeInfo
587,shared,(*net.IP).IsUnspecified
742,github.com/charmbracelet/lipgloss,(github.com/charmbracelet/lipgloss.Style).StrikethroughSpaces
925,github.com/picatz/taint,github.com/picatz/taint.checkSSAValue
1180,go/token,(go/token.Pos).IsValid
1358,shared,(context.Context).Value
1451,go/types,(go/types.goVersion).isValid
649,go/types,(go/types.TypeAndValue).IsNil
1051,go/types,(go/types.termlist).equal
1484,shared,(*github.com/charmbracelet/lipgloss.Style).PaddingRight
1532,shared,(*go/types.TypeAndValue).Addressable
161,github.com/charmbracelet/lipgloss,(github.com/charmbracelet/lipgloss.Style).GetVerticalPadding
372,shared,(*go/types.PkgName).Pkg
517,net,(net.IP).IsGlobalUnicast
822,shared,(*github.com/charmbracelet/lipgloss.Style).GetFaint
1223,github.com/picatz/taint/cmd/taint,github.com/picatz/taint/cmd/taint.getAllFunctionNames
1225,go/types,(go/types.TypeAndValue).HasOk
1559,regexp,(*regexp.Regexp).MatchString
323,github.com/go-git/go-git/v5,github.com/go-git/go-git/v5.init
442,github.com/picatz/taint/callgraphutil,(github.com/picatz/taint/callgraphutil.Path).String
616,github.com/charmbracelet/lipgloss,(github.com/charmbracelet/lipgloss.Style).UnsetBorderBackground
1089,shared,(*github.com/muesli/termenv.Style).Styled
1387,shared,(*github.com/charmbracelet/lipgloss.Style).Border
1433,shared,(*github.com/charmbracelet/lipgloss.Style).Margin
339,crypto,(crypto.Hash).Size
347,github.com/muesli/termenv,(github.com/muesli/termenv.Profile).Name
461,github.com/picatz/taint/callgraphutil,github.com/picatz/taint/callgraphutil.WithLogger
858,time,(time.Time).Before
1235,go/token,(go/token.Token).IsOperator
1537,shared,(*golang.org/x/tools/go/ssa.Alloc).setBlock
134,go/types,(*go/types.object).Name
288,github.com/picatz/taint/callgraphutil,github.com/picatz/taint/callgraphutil.InstructionsFor$1
304,shared,(*time.Time).Hour
1192,time,time.Since
1236,shared,(*go/types.Const).Pos
1428,golang.org/x/term,(*golang.org/x/term.Terminal).SetSize
1553,shared,(*go/types.Label).Pos
9,github.com/picatz/taint/cmd/taint,github.com/picatz/taint/cmd/taint.startShell
944,shared,(*github.com/charmbracelet/lipgloss.Style).applyBorder
1095,github.com/charmbracelet/lipgloss,(github.com/charmbracelet/lipgloss.Style).styleBorder
1282,math/big,(math/big.nat).make
384,shared,(*go/types.PkgName).Name
709,github.com/charmbracelet/lipgloss,(github.com/charmbracelet/lipgloss.Style).BorderTopForeground
729,net/textproto,(net/textproto.MIMEHeader).Set
926,shared,(*github.com/charmbracelet/lipgloss.Style).GetTransform
1447,shared,(*github.com/charmbracelet/lipgloss.props).unset
1459,github.com/charmbracelet/lipgloss,(github.com/charmbracelet/lipgloss.Style).UnsetAlignHorizontal
1496,math/big,(math/big.nat).sub
582,time,(time.Weekday).String
589,shared,(*github.com/charmbracelet/lipgloss.Style).MarginBottom
722,shared,(*github.com/picatz/taint/callgraphutil.Paths).Shortest
878,shared,(*go/types.Const).Id
980,shared,(*go/types.PkgName).Id
1401,shared,(*golang.org/x/tools/go/ssa.BuilderMode).Get
95,sync,sync.init
123,github.com/picatz/taint,github.com/picatz/taint.NewSinks
405,shared,(*math/big.nat).modInverse
441,shared,(*github.com/picatz/taint/callgraphutil.Path).String
472,github.com/picatz/taint/callgraphutil,github.com/picatz/taint/callgraphutil.NewVulncheckCallGraph
475,golang.org/x/tools/go/ssa/ssautil,golang.org/x/tools/go/ssa/ssautil.AllFunctions
514,shared,(*time.Time).Round
727,github.com/muesli/termenv,(github.com/muesli/termenv.Output).TemplateFuncs
182,golang.org/x/tools/go/ssa,(*golang.org/x/tools/go/ssa.CallCommon).Signature
188,github.com/picatz/taint/callgraphutil,github.com/picatz/taint/callgraphutil.processFunctionArguments
596,github.com/picatz/taint/cmd/taint/example,github.com/picatz/taint/cmd/taint/example.main$1
604,github.com/charmbracelet/lipgloss,(github.com/charmbracelet/lipgloss.Style).GetVerticalBorderSize
726,shared,(*github.com/muesli/termenv.Output).TemplateFuncs
834,math/big,(math/big.nat).and
1122,shared,(*go/types.Label).order
1311,github.com/muesli/termenv,(github.com/muesli/termenv.Output).EnableMousePress
166,shared,(*github.com/charmbracelet/lipgloss.Style).GetBorderBottom
212,strings,strings.HasSuffix
357,github.com/picatz/taint,github.com/picatz/taint.walkSSA
492,shared,(*golang.org/x/tools/go/ssa.FieldAddr).setPos
498,github.com/muesli/termenv,(github.com/muesli/termenv.Output).termStatusReport
503,shared,(*github.com/charmbracelet/lipgloss.Style).UnsetWidth
612,github.com/charmbracelet/lipgloss,(github.com/charmbracelet/lipgloss.Style).PaddingTop
715,math/big,(math/big.nat).convertWords
139,shared,(golang.org/x/tools/go/ssa.Value).Type
539,github.com/picatz/taint/cmd/taint,github.com/picatz/taint/cmd/taint.init$2
634,math/big,(math/big.nat).lsh
754,math/big,(math/big.nat).subMod2N
951,shared,(*time.Time).appendFormatRFC3339
954,shared,(*math/big.nat).set
1045,github.com/charmbracelet/lipgloss,(github.com/charmbracelet/lipgloss.Style).GetMarginLeft
1059,shared,(*github.com/charmbracelet/lipgloss.Style).MaxHeight
11,bufio,bufio.NewWriter
82,strings,strings.ToLower
353,shared,(*net.IP).AppendText
543,strings,strings.TrimPrefix
786,math/big,(math/big.nat).String
1087,github.com/charmbracelet/lipgloss,(github.com/charmbracelet/lipgloss.Style).Value
1340,shared,(*github.com/charmbracelet/lipgloss.Style).GetFrameSize
1416,shared,(*math/big.nat).isPow2
106,github.com/muesli/termenv,(github.com/muesli/termenv.Output).CursorBack
189,shared,(*go/types.termlist).norm
364,shared,(*github.com/charmbracelet/lipgloss.Style).MarginBackground
623,github.com/go-git/go-git/v5,github.com/go-git/go-git/v5.PlainOpen
1073,shared,(*github.com/charmbracelet/lipgloss.Style).MaxWidth
1141,go/types,(*go/types.Named).NumMethods
1184,shared,(*github.com/charmbracelet/lipgloss.Style).GetPaddingLeft
1217,net/http,(net/http.Header).Write
38,shared,(*net.IP).To16
653,shared,(*github.com/charmbracelet/lipgloss.Style).GetBorderRightSize
776,github.com/charmbracelet/lipgloss,(github.com/charmbracelet/lipgloss.Style).GetBorderTopForeground
1205,shared,(*time.Time).YearDay
1327,shared,(*golang.org/x/tools/go/callgraph.Edge).Description
1421,shared,(*time.Time).AppendBinary
1006,shared,(*math/big.nat).rsh
1039,shared,(*github.com/muesli/termenv.Output).SetWindowTitle
1096,shared,(*github.com/charmbracelet/lipgloss.Style).UnsetBorderTop
1230,shared,(*time.Time).locabs
1406,github.com/muesli/termenv,(github.com/muesli/termenv.Output).CursorDown
1520,golang.org/x/tools/go/ssa,(*golang.org/x/tools/go/ssa.FreeVar).Parent
83,shared,(*github.com/charmbracelet/lipgloss.Style).GetStrikethroughSpaces
381,strings,strings.Replace
845,shared,(*go/types.Func).cmp
1046,shared,(*net.IP).IsLinkLocalMulticast
1084,shared,(*github.com/muesli/termenv.Output).CursorUp
1321,github.com/picatz/taint/callgraphutil,github.com/picatz/taint/callgraphutil.PathsSearchCallToAdvancedWithStrategy
286,shared,(golang.org/x/tools/go/ssa.Instruction).Pos
422,time,(time.Time).MarshalBinary
559,golang.org/x/tools/go/ssa,(*golang.org/x/tools/go/ssa.Package).Build
583,shared,(*github.com/charmbracelet/lipgloss.Style).GetHorizontalFrameSize
590,github.com/charmbracelet/lipgloss,(github.com/charmbracelet/lipgloss.Style).MarginBottom
674,golang.org/x/tools/go/ssa,(*golang.org/x/tools/go/ssa.Function).DomPreorder
711,github.com/charmbracelet/lipgloss,(github.com/charmbracelet/lipgloss.Style).UnsetItalic
885,github.com/charmbracelet/lipgloss,(github.com/charmbracelet/lipgloss.Style).GetBorderBottomForeground
340,shared,(*github.com/charmbracelet/lipgloss.Style).GetBorderLeftSize
391,shared,(*net/http.Header).WriteSubset
523,shared,(*github.com/muesli/termenv.Output).String
1076,github.com/muesli/termenv,(github.com/muesli/termenv.Style).Overline
1131,net/textproto,(net/textproto.MIMEHeader).Del
1163,shared,(*github.com/charmbracelet/lipgloss.Style).Underline
1164,github.com/charmbracelet/lipgloss,(github.com/charmbracelet/lipgloss.Style).Underline
1229,shared,(github.com/muesli/termenv.Output).Name
22,shared,(*github.com/charmbracelet/lipgloss.Style).GetMarginRight
208,github.com/picatz/taint/sql/injection,github.com/picatz/taint/sql/injection.imports
275,shared,(go/types.Type).String
281,go/types,(*go/types.object).order
818,github.com/charmbracelet/lipgloss,(github.com/charmbracelet/lipgloss.Style).UnsetBorderForeground
1320,github.com/charmbracelet/lipgloss,(github.com/charmbracelet/lipgloss.Style).Align
1458,shared,(*github.com/charmbracelet/lipgloss.Style).UnsetAlignHorizontal
37,github.com/charmbracelet/lipgloss,(github.com/charmbracelet/lipgloss.Style).GetMarginBottom
317,github.com/picatz/taint/cmd/taint,github.com/picatz/taint/cmd/taint.init
642,time,(time.Time).Truncate
769,net/url,(net/url.Values).Get
966,github.com/muesli/termenv,(github.com/muesli/termenv.Output).DisableMouseCellMotion
994,time,(time.Time).UnixNano
1146,shared,(*crypto.Hash).String
1161,time,(time.Duration).Seconds
168,shared,(*github.com/charmbracelet/lipgloss.Style).UnsetReverse
204,time,(time.absYday).yday
267,github.com/charmbracelet/lipgloss,(github.com/charmbracelet/lipgloss.Style).isSet
570,github.com/charmbracelet/lipgloss,(github.com/charmbracelet/lipgloss.Style).GetPaddingBottom
694,github.com/muesli/termenv,(github.com/muesli/termenv.Output).ShowCursor
1172,time,(time.Time).Month
1362,shared,(*time.absMonth).month
1444,time,(time.Time).In
300,strings,(*strings.Builder).WriteString
782,github.com/charmbracelet/lipgloss,(github.com/charmbracelet/lipgloss.Style).Transform
931,github.com/muesli/termenv,(github.com/muesli/termenv.Style).Background
1224,shared,(*go/types.TypeAndValue).HasOk
1371,math/big,(math/big.nat).trailingZeroBits
1374,math/big,(math/big.nat).divBasic
1505,shared,(*github.com/muesli/termenv.Output).FromColor
868,github.com/charmbracelet/lipgloss,(github.com/charmbracelet/lipgloss.Style).Copy
1249,github.com/charmbracelet/lipgloss,(github.com/charmbracelet/lipgloss.Style).UnsetBackground
1415,github.com/charmbracelet/lipgloss,(github.com/charmbracelet/lipgloss.Style).BorderLeftForeground
1478,shared,(*github.com/muesli/termenv.Output).ChangeScrollingRegion
1525,shared,(*crypto/x509.OID).toASN1OID
113,shared,(*time.Month).String
152,github.com/picatz/taint/cmd/taint,(*github.com/picatz/taint/cmd/taint.command).nRequiredArgs
386,math/big,(math/big.nat).bitLen
474,golang.org/x/tools/go/callgraph/cha,golang.org/x/tools/go/callgraph/cha.CallGraph
669,shared,(*github.com/charmbracelet/lipgloss.Style).applyMargins
718,shared,(*go/types.Var).Name
1042,shared,(*math/big.nat).norm
1549,shared,(*github.com/charmbracelet/lipgloss.Style).UnsetPaddingLeft
62,github.com/picatz/taint/cmd/taint,github.com/picatz/taint/cmd/taint.highlightNode
593,github.com/picatz/taint/callgraphutil,(*github.com/picatz/taint/callgraphutil.Logger).Trace
650,shared,(*github.com/muesli/termenv.Output).InsertLines
849,time,(time.Time).UnixMicro
1273,github.com/muesli/termenv,(github.com/muesli/termenv.Output).backgroundColor
1369,encoding/asn1,(encoding/asn1.BitString).RightAlign
1434,github.com/charmbracelet/lipgloss,(github.com/charmbracelet/lipgloss.Style).Margin
1464,shared,(*github.com/charmbracelet/lipgloss.Style).GetAlign
1104,shared,(*go/token.Token).Precedence
1370,shared,(*math/big.nat).trailingZeroBits
138,golang.org/x/tools/go/callgraph,golang.org/x/tools/go/callgraph.AddEdge
917,github.com/picatz/taint/cmd/taint,github.com/picatz/taint/cmd/taint.init$8
943,math/big,(math/big.nat).probablyPrimeLucas
983,github.com/picatz/taint/xss,github.com/picatz/taint/xss.run
282,github.com/picatz/taint,github.com/picatz/taint.findAllCallSitePaths
314,github.com/muesli/termenv,(github.com/muesli/termenv.Profile).Convert
536,shared,(*github.com/muesli/termenv.Style).CrossOut
548,os,os.Stat
1118,shared,(*crypto/x509.ExtKeyUsage).OID
47,go/types,(*go/types.object).Parent
192,github.com/charmbracelet/lipgloss,(github.com/charmbracelet/lipgloss.Style).maybeConvertTabs
563,github.com/picatz/taint/callgraphutil,github.com/picatz/taint/callgraphutil.WriteCSV
620,golang.org/x/tools/go/ssa,(*golang.org/x/tools/go/ssa.register).Referrers
651,github.com/muesli/termenv,(github.com/muesli/termenv.Output).InsertLines
1136,shared,(*net.IP).MarshalText
1212,math/big,(math/big.nat).setBytes
141,go/types,(*go/types.object).Pkg
287,golang.org/x/tools/go/ssa,(*golang.org/x/tools/go/ssa.Function).String
354,net,(net.IP).AppendText
841,go/types,(go/types.TypeAndValue).Assignable
891,shared,(*github.com/charmbracelet/lipgloss.Style).GetHorizontalMargins
989,shared,(*net/url.Values).Set
1269,github.com/charmbracelet/lipgloss,(github.com/charmbracelet/lipgloss.Style).GetHorizontalPadding
1325,math/big,(math/big.nat).or
8,github.com/muesli/termenv,(github.com/muesli/termenv.Output).RestoreScreen
115,shared,(*net.IP).String
531,math/big,(math/big.nat).setUint64
982,time,(time.Duration).Nanoseconds
1338,shared,(*net.IP).appendTo
1386,github.com/muesli/termenv,(github.com/muesli/termenv.Output).ClearLine
427,shared,(*github.com/charmbracelet/lipgloss.Style).UnsetStrikethroughSpaces
510,shared,(*math/big.nat).utoa
571,shared,(*go/types.Var).setOrder
756,time,(time.Time).MarshalText
1244,github.com/charmbracelet/lipgloss,(github.com/charmbracelet/lipgloss.Style).BorderStyle
24,github.com/picatz/taint/callgraphutil,github.com/picatz/taint/callgraphutil.CreateMultiRootCallGraph
142,golang.org/x/tools/go/types/typeutil,(*golang.org/x/tools/go/types/typeutil.MethodSetCache).MethodSet
501,shared,(*net.IP).IsLoopback
655,github.com/picatz/taint/callgraphutil,github.com/picatz/taint/callgraphutil.PathsSearchCallToPartial
963,go/types,(go/types.termlist).isAll
1167,net,(net.IPMask).String
1440,github.com/picatz/taint/cmd/taint,github.com/picatz/taint/cmd/taint.init$4$2
350,os,os.Getenv
504,github.com/charmbracelet/lipgloss,(github.com/charmbracelet/lipgloss.Style).UnsetWidth
573,github.com/picatz/taint/log/injection,github.com/picatz/taint/log/injection.imports
882,shared,(*time.Time).AppendFormat
998,github.com/charmbracelet/lipgloss,(github.com/charmbracelet/lipgloss.Style).UnsetBorderTopForeground
1209,shared,(*math/big.nat).andNot
1431,shared,(*github.com/muesli/termenv.Output).EnableMouseAllMotion
270,shared,(*github.com/charmbracelet/lipgloss.Style).UnsetForeground
394,golang.org/x/tools/go/callgraph,(golang.org/x/tools/go/callgraph.Edge).String
779,shared,(*github.com/charmbracelet/lipgloss.Style).GetStrikethrough
1171,shared,(*time.Time).Month
1177,math/big,(math/big.nat).random
462,context,context.WithValue
799,github.com/picatz/taint/callgraphutil,(*github.com/picatz/taint/callgraphutil.FunctionMatcher).Match
1267,github.com/muesli/termenv,(github.com/muesli/termenv.Style).Italic
661,os,os.Exit
714,shared,(*math/big.nat).convertWords
999,shared,(*crypto/tls.CurveID).String
1117,github.com/muesli/termenv,(github.com/muesli/termenv.Style).Blink
1206,time,(time.Time).YearDay
1318,math/big,(math/big.nat).expNN
1404,github.com/charmbracelet/lipgloss,(github.com/charmbracelet/lipgloss.Style).GetPaddingRight
402,time,(time.Time).Year
766,shared,(*net/url.Values).Del
1307,github.com/charmbracelet/lipgloss,(github.com/charmbracelet/lipgloss.Style).GetMaxHeight
1467,github.com/charmbracelet/lipgloss,(github.com/charmbracelet/lipgloss.Style).UnsetBorderRightBackground
268,shared,(*math/big.Accuracy).String
380,github.com/picatz/taint/callgraphutil,github.com/picatz/taint/callgraphutil.WriteDOT$1
1078,shared,(*go/types.TypeAndValue).IsBuiltin
1295,go/types,(*go/types.environment).lookup
1441,github.com/picatz/taint/cmd/taint,github.com/picatz/taint/cmd/taint.init$4$1
206,net,(net.IP).Equal
601,shared,(*github.com/muesli/termenv.Output).ClearScreen
721,shared,(*go/types.TypeName).Pos
1022,time,(time.Time).appendTo
1237,shared,(*net/http.Header).Del
1398,shared,(*golang.org/x/tools/go/ssa.Call).Type
120,golang.org/x/tools/go/analysis/passes/buildssa,golang.org/x/tools/go/analysis/passes/buildssa.init
1017,shared,(*github.com/charmbracelet/lipgloss.Style).GetAlignVertical
1030,shared,(*go/types.TypeName).Id
1086,shared,(*github.com/charmbracelet/lipgloss.Style).Value
1097,github.com/charmbracelet/lipgloss,(github.com/charmbracelet/lipgloss.Style).UnsetBorderTop
144,go/types,(*go/types.Selection).Type
521,shared,(*github.com/charmbracelet/lipgloss.Style).TabWidth
554,golang.org/x/tools/go/packages,(golang.org/x/tools/go/packages.Error).Error
922,shared,(*internal/poll.FD).init
929,github.com/charmbracelet/lipgloss,(github.com/charmbracelet/lipgloss.Style).GetReverse
1070,shared,(*go/types.Builtin).Parent
1200,github.com/picatz/taint/callgraphutil,github.com/picatz/taint/callgraphutil.NewFunctionMatcher
1303,github.com/charmbracelet/lipgloss,(github.com/charmbracelet/lipgloss.Style).ColorWhitespace
249,go/types,(*go/types.object).Exported
336,shared,(*math/big.nat).divLarge
677,github.com/picatz/taint/callgraphutil,(*github.com/picatz/taint/callgraphutil.Logger).Step
747,net/http,net/http.init
792,github.com/charmbracelet/lipgloss,(github.com/charmbracelet/lipgloss.Style).Height
871,time,(time.Time).Sub
1360,shared,(*math/big.nat).setWord
1560,shared,(*crypto.Hash).New
377,github.com/picatz/taint/callgraphutil,github.com/picatz/taint/callgraphutil.PathsSearchCallToWithMatcher
576,shared,(*golang.org/x/tools/go/ssa.Call).setPos
585,shared,(*crypto/x509.KeyUsage).String
629,math/big,(math/big.nat).probablyPrimeMillerRabin
1198,shared,(*time.Time).IsZero
1461,encoding/asn1,(encoding/asn1.ObjectIdentifier).String
565,encoding/csv,(*encoding/csv.Writer).Flush
826,github.com/charmbracelet/lipgloss,(github.com/charmbracelet/lipgloss.Style).GetBorderLeft
1053,shared,(*golang.org/x/tools/go/ssa.Call).Block
1430,shared,(*golang.org/x/tools/go/ssa.FieldAddr).Type
1483,time,(time.Time).appendStrictRFC3339
1562,shared,(*github.com/muesli/termenv.Output).WriteString
207,github.com/picatz/taint/sql/injection,github.com/picatz/taint/sql/injection.run
328,shared,(*time.Time).Zone
522,github.com/charmbracelet/lipgloss,(github.com/charmbracelet/lipgloss.Style).TabWidth
1333,crypto/x509,(crypto/x509.OID).AppendBinary
1379,shared,(*github.com/muesli/termenv.Output).RestoreCursorPosition
1388,github.com/charmbracelet/lipgloss,(github.com/charmbracelet/lipgloss.Style).Border
65,shared,(*go/types.Func).setParent
88,encoding/csv,encoding/csv.init
334,shared,(*go/types.termlist).isEmpty
398,github.com/charmbracelet/lipgloss,(github.com/charmbracelet/lipgloss.Style).PaddingBottom
1569,github.com/picatz/taint/cmd/sqli,github.com/picatz/taint/cmd/sqli.main
57,github.com/picatz/taint/callgraphutil,github.com/picatz/taint/callgraphutil.getAllFunctionsCached$2
193,github.com/picatz/taint/cmd/xss,github.com/picatz/taint/cmd/xss.main
279,go/ast,(go/ast.ObjKind).String
516,shared,(*net.IP).IsGlobalUnicast
525,github.com/picatz/taint/cmd/taint,github.com/picatz/taint/cmd/taint.clearScreen
591,github.com/picatz/taint/callgraphutil,github.com/picatz/taint/callgraphutil.NewGraphWithContext$2
648,shared,(*go/types.TypeAndValue).IsNil
668,shared,(github.com/muesli/termenv.Output).String
561,golang.org/x/tools/go/ssa/ssautil,golang.org/x/tools/go/ssa/ssautil.MainPackages
699,github.com/picatz/taint/sql/injection,github.com/picatz/taint/sql/injection.imports$1
955,math/big,(math/big.nat).set
1142,go/types,(*go/types.Named).Method
515,time,(time.Time).Round
758,github.com/charmbracelet/lipgloss,(github.com/charmbracelet/lipgloss.Style).Inherit
899,github.com/picatz/taint/cmd/taint,(github.com/picatz/taint/cmd/taint.commands).eval$1
1293,net/http,(net/http.Header).Clone
1314,shared,(*github.com/charmbracelet/lipgloss.Style).Padding
1382,github.com/charmbracelet/lipgloss,(github.com/charmbracelet/lipgloss.Style).getAsPosition
1501,shared,(*github.com/muesli/termenv.Output).SetCursorColor
201,shared,(*github.com/muesli/termenv.Output).EnableMouseCellMotion
239,github.com/charmbracelet/lipgloss,(github.com/charmbracelet/lipgloss.Style).BorderForeground
524,github.com/muesli/termenv,(github.com/muesli/termenv.Profile).String
544,strings,strings.Split
870,shared,(*time.Time).Sub
898,github.com/muesli/termenv,(github.com/muesli/termenv.Output).CursorForward
1350,shared,(*go/types.Checker).lookupScope
1445,github.com/picatz/taint/cmd/taint,github.com/picatz/taint/cmd/taint.init$2$1
40,shared,(*golang.org/x/tools/go/ssa.BuilderMode).String
362,golang.org/x/tools/go/ssa,(*golang.org/x/tools/go/ssa.Call).Common
415,shared,(*go/types.Const).setParent
470,shared,(*github.com/charmbracelet/lipgloss.Style).GetBorderTop
1285,shared,(*time.Time).ISOWeek
1393,time,(time.Time).Date
1442,shared,(*go/types.Builtin).setType
174,shared,(*github.com/charmbracelet/lipgloss.Style).Background
194,golang.org/x/tools/go/analysis/singlechecker,golang.org/x/tools/go/analysis/singlechecker.Main
414,github.com/charmbracelet/lipgloss,(github.com/charmbracelet/lipgloss.Style).BorderTopBackground
823,github.com/charmbracelet/lipgloss,(github.com/charmbracelet/lipgloss.Style).GetFaint
1109,crypto/x509,(crypto/x509.OID).String
1123,shared,(*time.Duration).Round
1197,go/types,(go/types.substMap).empty
1291,math/big,(math/big.nat).add
407,shared,(*github.com/charmbracelet/lipgloss.Style).GetTabWidth
444,github.com/picatz/taint/xss,github.com/picatz/taint/xss.hasHtmlEscape
481,github.com/muesli/termenv,(github.com/muesli/termenv.Output).DisableBracketedPaste
1279,shared,(*github.com/charmbracelet/lipgloss.Style).GetBorderTopBackground
1341,github.com/charmbracelet/lipgloss,(github.com/charmbracelet/lipgloss.Style).GetFrameSize
1517,golang.org/x/tools/go/ssa,(*golang.org/x/tools/go/ssa.Parameter).Name
1530,time,(time.Time).GobEncode
236,shared,(*github.com/charmbracelet/lipgloss.Style).UnsetBorderBottom
1016,shared,(*github.com/charmbracelet/lipgloss.Style).Bold
633,shared,(*math/big.nat).lsh
1175,shared,(*go/types.PkgName).setType
1557,shared,(*golang.org/x/tools/go/ssa.Call).Parent
34,shared,(*github.com/charmbracelet/lipgloss.Style).UnsetFaint
121,github.com/picatz/taint,github.com/picatz/taint.init
894,net,(net.IP).IsLinkLocalUnicast
1125,shared,(*math/big.nat).sticky
1138,shared,(*github.com/charmbracelet/lipgloss.Style).GetMarginTop
530,shared,(*math/big.nat).setUint64
574,shared,(*github.com/charmbracelet/lipgloss.Style).GetBorder
704,github.com/muesli/termenv,(github.com/muesli/termenv.Output).Writer
788,github.com/charmbracelet/lipgloss,(github.com/charmbracelet/lipgloss.Style).MarginRight
851,math/big,(math/big.nat).mulRange
1208,net/textproto,(net/textproto.MIMEHeader).Get
70,context,context.init
335,go/types,(go/types.termlist).isEmpty
418,github.com/picatz/taint/callgraphutil,github.com/picatz/taint/callgraphutil.PathsSearchCallTo
665,shared,(*go/types.Checker).TypeOf
862,crypto/x509,(crypto/x509.OID).MarshalBinary
1228,time,(time.Time).UTC
29,fmt,fmt.Errorf
155,shared,(os.File).close
537,github.com/muesli/termenv,(github.com/muesli/termenv.Style).CrossOut
970,github.com/muesli/termenv,(github.com/muesli/termenv.Output).DisableMouseHilite
1003,shared,(*golang.org/x/tools/go/ssa.Alloc).setNum
1158,shared,(*go/token.Token).IsLiteral
10,github.com/picatz/taint/cmd/taint,github.com/picatz/taint/cmd/taint.makeRawTerminal
66,go/types,(*go/types.object).setParent
388,github.com/charmbracelet/lipgloss,(github.com/charmbracelet/lipgloss.Border).GetTopSize
556,golang.org/x/tools/go/ssa,(*golang.org/x/tools/go/ssa.Program).Build
654,github.com/charmbracelet/lipgloss,(github.com/charmbracelet/lipgloss.Style).GetBorderRightSize
664,golang.org/x/tools/go/ssa,(*golang.org/x/tools/go/ssa.Function).WriteTo
1450,shared,(*go/types.goVersion).isValid
176,github.com/picatz/taint/callgraphutil,(*github.com/picatz/taint/callgraphutil.Logger).Warning
409,shared,(*github.com/charmbracelet/lipgloss.Style).getAsBool
416,shared,(*encoding/asn1.ObjectIdentifier).Equal
907,go/token,(go/token.Position).String
1294,shared,(*go/types.Checker).lookup
1392,shared,(*time.Time).Date
101,shared,(go/types.Checker).TypeOf
887,shared,(*math/big.nat).sqr
1188,shared,(*time.absSeconds).days
1263,crypto/x509/pkix,(crypto/x509/pkix.Name).appendRDNs
1390,shared,(*time.absDays).split
50,shared,(*github.com/muesli/termenv.Style).String
226,shared,(*github.com/charmbracelet/lipgloss.Border).GetRightSize
289,shared,(*github.com/muesli/termenv.Output).DeleteLines
294,github.com/charmbracelet/lipgloss,(github.com/charmbracelet/lipgloss.Style).PaddingLeft
513,time,(time.Time).Minute
760,github.com/charmbracelet/lipgloss,(github.com/charmbracelet/lipgloss.Style).UnsetMargins
802,shared,(*time.absCentury).leap
903,shared,(*go/types.Var).scopePos
310,shared,(*github.com/charmbracelet/lipgloss.Style).BorderLeftBackground
1153,github.com/muesli/termenv,(github.com/muesli/termenv.Output).EnableMouseExtendedMode
1292,shared,(*net/http.Header).Clone
1373,shared,(*math/big.nat).divBasic
1422,time,(time.Time).AppendBinary
1528,github.com/charmbracelet/lipgloss,(github.com/charmbracelet/lipgloss.Style).GetAlignHorizontal
148,flag,(*flag.FlagSet).Parse
242,shared,(*github.com/charmbracelet/lipgloss.Style).GetItalic
553,github.com/picatz/taint/cmd/taint,github.com/picatz/taint/cmd/taint.init$2$3
680,go/types,(*go/types.Tuple).Len
734,github.com/charmbracelet/lipgloss,(github.com/charmbracelet/lipgloss.Style).UnsetTransform
23,github.com/charmbracelet/lipgloss,(github.com/charmbracelet/lipgloss.Style).GetMarginRight
26,shared,(go/types.Object).Name
329,time,(time.Time).Zone
423,shared,(*github.com/charmbracelet/lipgloss.Style).UnsetBorderLeftBackground
447,github.com/charmbracelet/lipgloss,(github.com/charmbracelet/lipgloss.Position).value
562,github.com/picatz/taint/callgraphutil,github.com/picatz/taint/callgraphutil.NewGraphWithContext
975,shared,(*github.com/muesli/termenv.Output).MoveCursor
1183,github.com/charmbracelet/lipgloss,(github.com/charmbracelet/lipgloss.Style).MarginLeft
153,fmt,fmt.Sprintf
315,github.com/picatz/taint/log/injection,github.com/picatz/taint/log/injection.dbg
373,shared,(*github.com/charmbracelet/lipgloss.Style).Width
705,github.com/picatz/taint/callgraphutil,github.com/picatz/taint/callgraphutil.getOrCreateSyntheticMethod$2
720,time,(time.Time).Unix
900,shared,(*go/types.Func).Id
906,shared,(*go/token.Position).String
981,shared,(*time.Duration).Nanoseconds
5,shared,(*time.Time).absSec
127,golang.org/x/tools/go/ssa,(*golang.org/x/tools/go/ssa.register).Type
706,shared,(*github.com/muesli/termenv.Output).TTY
1115,shared,(github.com/muesli/termenv.Output).FromColor
1216,shared,(*net/http.Header).Write
1296,shared,(*net/url.Values).Add
1378,github.com/muesli/termenv,(github.com/muesli/termenv.Style).Underline
1391,time,(time.absDays).split
79,golang.org/x/tools/go/ssa/ssautil,golang.org/x/tools/go/ssa/ssautil.init
107,shared,(*go/types.Builtin).scopePos
430,github.com/charmbracelet/lipgloss,(github.com/charmbracelet/lipgloss.Style).implicitBorders
740,shared,(*go/types.Func).sameId
902,net,(net.IP).matchAddrFamily
1233,github.com/picatz/taint/callgraphutil,(github.com/picatz/taint/callgraphutil.Path).First
1315,github.com/charmbracelet/lipgloss,(github.com/charmbracelet/lipgloss.Style).Padding
1551,shared,(*go/types.TypeName).setScopePos
297,shared,(*net/http.Header).sortedKeyValues
341,github.com/charmbracelet/lipgloss,(github.com/charmbracelet/lipgloss.Style).GetBorderLeftSize
580,github.com/muesli/termenv,(github.com/muesli/termenv.Output).CopyPrimary
637,github.com/charmbracelet/lipgloss,(github.com/charmbracelet/lipgloss.Style).BorderTop
888,math/big,(math/big.nat).sqr
1157,math/big,(math/big.nat).bit
1471,github.com/muesli/termenv,(github.com/muesli/termenv.Output).EnableMouseHilite
1550,github.com/charmbracelet/lipgloss,(github.com/charmbracelet/lipgloss.Style).UnsetPaddingLeft
16,golang.org/x/term,(*golang.org/x/term.Terminal).ReadLine
793,shared,(*time.Time).Nanosecond
824,shared,(*go/types.TypeName).Type
908,github.com/picatz/taint,github.com/picatz/taint.isExpressionDerivedFromSource
1077,shared,(*go/types.Const).Pkg
1121,github.com/muesli/termenv,(github.com/muesli/termenv.Output).HideCursor
1160,shared,(*time.Duration).Seconds
1231,time,(time.Time).locabs
349,flag,(*flag.FlagSet).BoolVar
426,golang.org/x/tools/go/ssa,(*golang.org/x/tools/go/ssa.anInstruction).Parent
486,shared,(*time.Time).Second
646,shared,(*github.com/charmbracelet/lipgloss.Style).UnsetPaddingTop
855,shared,(*golang.org/x/tools/go/ssa.FieldAddr).setNum
911,shared,(*go/types.Var).Id
919,strings,strings.Index
1277,shared,(*math/big.nat).bytes
688,go/types,(*go/types.Signature).String
856,golang.org/x/tools/go/ssa,(*golang.org/x/tools/go/ssa.register).setNum
1066,shared,(*github.com/charmbracelet/lipgloss.AdaptiveColor).RGBA
1301,github.com/charmbracelet/lipgloss,(github.com/charmbracelet/lipgloss.Style).BorderRight
1349,net/url,(net/url.Values).Encode
1457,shared,(interface{Flush() error}).Flush
1489,github.com/charmbracelet/lipgloss,(github.com/charmbracelet/lipgloss.props).has
1497,shared,(*go/types.TypeName).Exported
27,shared,(go/types.Object).Exported
224,golang.org/x/tools/go/ssa,(*golang.org/x/tools/go/ssa.anInstruction).Block
338,shared,(*crypto.Hash).Size
365,github.com/charmbracelet/lipgloss,(github.com/charmbracelet/lipgloss.Style).MarginBackground
608,github.com/picatz/taint/callgraphutil,(github.com/picatz/taint/callgraphutil.MatchStrategy).String
1310,shared,(*github.com/muesli/termenv.Output).EnableMousePress
1543,shared,(*go/types.goVersion).cmp
1572,shared,(*time.Duration).Hours
624,github.com/go-git/go-git/v5,github.com/go-git/go-git/v5.PlainCloneContext
761,shared,(*go/types.Const).setType
762,shared,(*go/types.Func).Pos
791,shared,(*github.com/charmbracelet/lipgloss.Style).Height
1014,github.com/charmbracelet/lipgloss,(github.com/charmbracelet/lipgloss.AdaptiveColor).color
1541,shared,(*time.Time).Compare
1567,shared,(*time.absDays).weekday
46,shared,(*go/types.Const).Parent
228,shared,(*github.com/charmbracelet/lipgloss.Style).getAsInt
420,github.com/picatz/taint/callgraphutil,github.com/picatz/taint/callgraphutil.PathsSearchCallTo$1
904,shared,(*time.absSeconds).clock
1306,shared,(*github.com/charmbracelet/lipgloss.Style).GetMaxHeight
1344,shared,(*github.com/charmbracelet/lipgloss.Style).UnsetMarginLeft
1384,github.com/charmbracelet/lipgloss,(github.com/charmbracelet/lipgloss.Style).AlignHorizontal
159,golang.org/x/tools/go/analysis/singlechecker,golang.org/x/tools/go/analysis/singlechecker.init
351,shared,(*time.absCentury).year
419,github.com/picatz/taint/callgraphutil,github.com/picatz/taint/callgraphutil.PathsSearch
466,shared,(*math/big.nat).expNNMontgomeryEven
967,shared,(*github.com/charmbracelet/lipgloss.Style).Strikethrough
1037,shared,(*go/types.termlist).includes
1074,github.com/charmbracelet/lipgloss,(github.com/charmbracelet/lipgloss.Style).MaxWidth
1452,shared,(*github.com/charmbracelet/lipgloss.Style).UnsetHeight
183,github.com/picatz/taint/callgraphutil,github.com/picatz/taint/callgraphutil.findFunctionInField
248,shared,(*go/types.PkgName).Exported
301,strings,(*strings.Builder).String
343,shared,(io.Reader).Read
743,shared,(*github.com/charmbracelet/lipgloss.Style).GetPaddingTop
1002,net/textproto,(net/textproto.MIMEHeader).Values
1093,github.com/muesli/termenv,(github.com/muesli/termenv.Output).foregroundColor
1355,github.com/charmbracelet/lipgloss,(github.com/charmbracelet/lipgloss.Style).GetBorderTopWidth
214,golang.org/x/tools/go/analysis,(*golang.org/x/tools/go/analysis.Pass).Reportf
307,math/big,(math/big.nat).montgomery
330,github.com/picatz/taint/cmd/taint,github.com/picatz/taint/cmd/taint.init$2$4
117,github.com/picatz/taint/xss,github.com/picatz/taint/xss.init
151,flag,(*flag.FlagSet).Args
469,net/http,(net/http.Header).Set
607,shared,(*github.com/picatz/taint/callgraphutil.MatchStrategy).String
659,context,context.Background
807,shared,(*github.com/charmbracelet/lipgloss.Style).UnsetBorderLeft
915,time,(time.Duration).Milliseconds
1524,sort,sort.SliceStable
72,go/ast,go/ast.init
308,shared,(*crypto.Hash).HashFunc
1047,net,(net.IP).IsLinkLocalMulticast
1099,path/filepath,path/filepath.Base
1182,shared,(*github.com/charmbracelet/lipgloss.Style).MarginLeft
1286,time,(time.Time).ISOWeek
84,github.com/charmbracelet/lipgloss,(github.com/charmbracelet/lipgloss.Style).GetStrikethroughSpaces
99,path,path.init
103,shared,(*github.com/charmbracelet/lipgloss.Style).UnsetBorderLeftForeground
542,shared,(error).Error
696,github.com/charmbracelet/lipgloss,(github.com/charmbracelet/lipgloss.Style).GetBorderStyle
710,shared,(*github.com/charmbracelet/lipgloss.Style).UnsetItalic
1008,shared,(github.com/muesli/termenv.Output).Color
1523,github.com/picatz/taint/cmd/taint,github.com/picatz/taint/cmd/taint.init$6
7,shared,(*github.com/muesli/termenv.Output).RestoreScreen
14,github.com/picatz/taint/cmd/taint,(github.com/picatz/taint/cmd/taint.commands).help
231,go/types,(*go/types.Package).Imports
622,os,os.TempDir
701,shared,(*crypto/x509.SignatureAlgorithm).String
778,time,(time.Time).Clock
833,shared,(*math/big.nat).and
1395,github.com/muesli/termenv,(github.com/muesli/termenv.Style).Reverse
374,github.com/charmbracelet/lipgloss,(github.com/charmbracelet/lipgloss.Style).Width
435,shared,(*golang.org/x/tools/go/ssa.Call).Name
493,shared,(*github.com/muesli/termenv.Output).ClearLineRight
626,github.com/go-git/go-git/v5/plumbing,(*github.com/go-git/go-git/v5/plumbing.Reference).Hash
673,github.com/picatz/taint/callgraphutil,github.com/picatz/taint/callgraphutil.AddFunction
775,shared,(*github.com/charmbracelet/lipgloss.Style).GetBorderTopForeground
1031,shared,(*go/types.Func).Name
309,crypto,(crypto.Hash).HashFunc
387,shared,(*github.com/charmbracelet/lipgloss.Border).GetTopSize
528,shared,(go/types.Checker).ObjectOf
676,go/types,(*go/types.Pointer).Elem
803,time,(time.absCentury).leap
873,shared,(*github.com/charmbracelet/lipgloss.Style).UnsetBold
988,net,(net.IP).IsPrivate
1482,shared,(*time.Time).appendStrictRFC3339
30,shared,(*github.com/charmbracelet/lipgloss.Style).BorderLeft
227,github.com/charmbracelet/lipgloss,(github.com/charmbracelet/lipgloss.Border).GetRightSize
369,github.com/muesli/termenv,(github.com/muesli/termenv.Profile).FromColor
540,net/url,net/url.Parse
558,github.com/picatz/taint/cmd/taint,github.com/picatz/taint/cmd/taint.pkgDirForSSAPkg
795,shared,(*github.com/muesli/termenv.Output).Copy
909,github.com/picatz/taint,(github.com/picatz/taint.stringSet).includes
1012,shared,(*go/types.Label).setType
243,github.com/charmbracelet/lipgloss,(github.com/charmbracelet/lipgloss.Style).GetItalic
678,github.com/picatz/taint/callgraphutil,(*github.com/picatz/taint/callgraphutil.Logger).Debug
1041,github.com/picatz/taint/cmd/taint,github.com/picatz/taint/cmd/taint.init$2$5
1222,github.com/picatz/taint/cmd/taint,github.com/picatz/taint/cmd/taint.init$7
1531,shared,(*time.Duration).Truncate
1540,github.com/charmbracelet/lipgloss,(github.com/charmbracelet/lipgloss.Style).GetMaxWidth
327,github.com/picatz/taint/cmd/taint,github.com/picatz/taint/cmd/taint.init$1
355,shared,(*github.com/charmbracelet/lipgloss.Style).UnsetMarginBottom
854,math/big,(math/big.nat).divRecursive
992,shared,(*go/types.TypeName).Name
1028,shared,(*time.Time).Equal
1427,golang.org/x/term,golang.org/x/term.NewTerminal
1513,golang.org/x/tools/go/ssa,(*golang.org/x/tools/go/ssa.Parameter).Referrers
15,bufio,(*bufio.Writer).Flush
94,go/types,go/types.init
235,github.com/charmbracelet/lipgloss,(github.com/charmbracelet/lipgloss.Style).GetBorderBottomSize
290,github.com/muesli/termenv,(github.com/muesli/termenv.Output).DeleteLines
482,shared,(*go/types.Builtin).sameId
959,github.com/charmbracelet/lipgloss,(github.com/charmbracelet/lipgloss.Style).Bold
1025,shared,(*go/types.PkgName).Parent
1155,github.com/charmbracelet/lipgloss,(github.com/charmbracelet/lipgloss.Style).UnsetAlign
43,golang.org/x/term,golang.org/x/term.Restore
237,github.com/charmbracelet/lipgloss,(github.com/charmbracelet/lipgloss.Style).UnsetBorderBottom
264,shared,(*github.com/charmbracelet/lipgloss.Style).UnsetBorderBottomBackground
404,crypto/tls,(crypto/tls.SignatureScheme).String
529,go/types,(*go/types.Info).ObjectOf
533,time,(time.Time).Local
785,shared,(*math/big.nat).String
1271,github.com/charmbracelet/lipgloss,(github.com/charmbracelet/lipgloss.Style).GetVerticalFrameSize
63,strings,strings.SplitN
250,shared,(*github.com/charmbracelet/lipgloss.Style).UnsetBorderStyle
273,github.com/charmbracelet/lipgloss,(github.com/charmbracelet/lipgloss.Style).GetBorderRightForeground
344,shared,(*go/types.TypeName).sameId
564,encoding/csv,encoding/csv.NewWriter
748,shared,(*math/big.nat).trunc
801,go/types,(go/types.VarKind).String
1396,shared,(*github.com/muesli/termenv.Style).Bold
86,github.com/picatz/taint/callgraphutil,github.com/picatz/taint/callgraphutil.init
584,github.com/charmbracelet/lipgloss,(github.com/charmbracelet/lipgloss.Style).GetHorizontalFrameSize
1055,net/http,(net/http.Header).Get
1515,golang.org/x/tools/go/ssa,(*golang.org/x/tools/go/ssa.Function).Type
75,os,os.init
191,shared,(*github.com/charmbracelet/lipgloss.Style).maybeConvertTabs
277,go/types,(*go/types.object).Id
363,shared,(golang.org/x/tools/go/ssa.Instruction).Operands
480,shared,(*github.com/muesli/termenv.Output).DisableBracketedPaste
713,database/sql,(*database/sql.DB).Query
1139,github.com/charmbracelet/lipgloss,(github.com/charmbracelet/lipgloss.Style).GetMarginTop
1243,shared,(*github.com/charmbracelet/lipgloss.Style).BorderStyle
31,github.com/charmbracelet/lipgloss,(github.com/charmbracelet/lipgloss.Style).BorderLeft
85,shared,(*go/types.TypeName).Parent
1004,shared,(*github.com/charmbracelet/lipgloss.Style).UnsetUnderlineSpaces
1067,github.com/charmbracelet/lipgloss,(github.com/charmbracelet/lipgloss.AdaptiveColor).RGBA
660,os/signal,os/signal.NotifyContext
838,golang.org/x/tools/go/callgraph,(*golang.org/x/tools/go/callgraph.Node).String
972,time,(time.Duration).format
1218,shared,(*github.com/charmbracelet/lipgloss.Style).GetUnderlineSpaces
33,go/types,(*go/types.object).setType
385,shared,(*math/big.nat).bitLen
1204,github.com/picatz/taint/cmd/taint,github.com/picatz/taint/cmd/taint.main
1402,golang.org/x/tools/go/ssa,(golang.org/x/tools/go/ssa.BuilderMode).Get
1519,golang.org/x/tools/go/ssa,(*golang.org/x/tools/go/ssa.FreeVar).Referrers
2,go/types,(*go/types.object).setOrder
272,shared,(*github.com/charmbracelet/lipgloss.Style).GetBorderRightForeground
1179,shared,(*go/token.Pos).IsValid
44,shared,(*go/types.Builtin).Type
137,golang.org/x/tools/go/callgraph,(*golang.org/x/tools/go/callgraph.Graph).CreateNode
218,github.com/picatz/taint/callgraphutil,(github.com/picatz/taint/callgraphutil.Paths).Longest
619,shared,(*golang.org/x/tools/go/ssa.FieldAddr).Referrers
667,github.com/charmbracelet/lipgloss,(github.com/charmbracelet/lipgloss.Style).Reverse
771,golang.org/x/tools/go/ssa,(*golang.org/x/tools/go/ssa.register).Pos
1054,shared,(*net/http.Header).Get
1375,shared,(*time.Time).Location
220,math/big,(math/big.nat).itoa
586,crypto/x509,(crypto/x509.KeyUsage).String
1556,shared,(*go/types.Builtin).Pkg
58,github.com/picatz/taint/cmd/taint,github.com/picatz/taint/cmd/taint.init$2$2
89,io,io.init
258,shared,(*go/types.PkgName).cmp
259,go/types,(*go/types.object).cmp
285,github.com/picatz/taint/callgraphutil,(github.com/picatz/taint/callgraphutil.Path).Last
298,net/http,(net/http.Header).sortedKeyValues
413,shared,(*github.com/charmbracelet/lipgloss.Style).BorderTopBackground
645,shared,(*go/types.Label).Name
136,golang.org/x/tools/go/ssa,(*golang.org/x/tools/go/ssa.Program).NewFunction
874,github.com/charmbracelet/lipgloss,(github.com/charmbracelet/lipgloss.Style).UnsetBold
924,github.com/picatz/taint,github.com/picatz/taint.checkSSAInstruction
939,math/big,(math/big.nat).expNNWindowed
946,github.com/picatz/taint/cmd/taint/example,github.com/picatz/taint/cmd/taint/example.main
971,shared,(*time.Duration).format
1336,shared,(*math/big.nat).divRecursiveStep
1498,shared,(*time.Time).UnixMilli
64,github.com/picatz/taint/cmd/taint,github.com/picatz/taint/cmd/taint.semanticColorFunc
1040,github.com/muesli/termenv,(github.com/muesli/termenv.Output).SetWindowTitle
1300,shared,(*github.com/charmbracelet/lipgloss.Style).BorderRight
1309,net,(net.IPMask).Size
1500,shared,(*go/types.Var).setParent
105,shared,(*github.com/muesli/termenv.Output).CursorBack
128,shared,(go/types.Type).Underlying
337,math/big,(math/big.nat).divLarge
502,net,(net.IP).IsLoopback
639,shared,(*github.com/muesli/termenv.Profile).String
901,shared,(*net.IP).matchAddrFamily
1510,go/types,(go/types.termlist).supersetOf
1534,shared,(*github.com/charmbracelet/lipgloss.Style).UnsetMarginBackground
518,shared,(go/types.Checker).PkgNameOf
977,github.com/picatz/taint/callgraphutil,github.com/picatz/taint/callgraphutil.PathSearchCallTo
1268,shared,(*github.com/charmbracelet/lipgloss.Style).GetHorizontalPadding
1346,shared,(*time.Time).Day
263,github.com/muesli/termenv,(github.com/muesli/termenv.Style).Width
280,shared,(*go/types.Func).order
296,time,(time.absYday).split
508,github.com/charmbracelet/lipgloss,(github.com/charmbracelet/lipgloss.Style).GetBlink
599,shared,(*github.com/charmbracelet/lipgloss.Style).UnsetBorderTopBackgroundColor
739,github.com/charmbracelet/lipgloss,(github.com/charmbracelet/lipgloss.Style).UnsetMaxWidth
852,shared,(*go/types.PkgName).setParent
1110,shared,(*math/big.nat).setBit
202,github.com/muesli/termenv,(github.com/muesli/termenv.Output).EnableMouseCellMotion
229,github.com/charmbracelet/lipgloss,(github.com/charmbracelet/lipgloss.Style).getAsInt
974,time,(time.Time).Weekday
985,shared,(*github.com/charmbracelet/lipgloss.Style).GetPadding
1215,github.com/charmbracelet/lipgloss,(github.com/charmbracelet/lipgloss.Style).GetBorderLeftForeground
1239,shared,(*math/big.nat).expWW
1348,shared,(*net/url.Values).Encode
1361,math/big,(math/big.nat).setWord
511,math/big,(math/big.nat).utoa
1083,github.com/muesli/termenv,(github.com/muesli/termenv.Output).DisableMousePress
1238,net/http,(net/http.Header).Del
1383,shared,(*github.com/charmbracelet/lipgloss.Style).AlignHorizontal
1503,shared,(*github.com/charmbracelet/lipgloss.Style).String
316,fmt,fmt.Fprintf
322,github.com/charmbracelet/lipgloss,github.com/charmbracelet/lipgloss.init
356,github.com/charmbracelet/lipgloss,(github.com/charmbracelet/lipgloss.Style).UnsetMarginBottom
816,go/types,(go/types.termlist).union
1048,shared,(*github.com/charmbracelet/lipgloss.Style).UnsetBlink
1064,go/types,(go/types.substMap).lookup
1241,shared,(*time.Time).After
1413,shared,(*go/types.Label).setParent
21,github.com/muesli/termenv,(github.com/muesli/termenv.Output).EnableMousePixelsMode
196,crypto/x509/pkix,(crypto/x509/pkix.Name).ToRDNSequence
410,github.com/charmbracelet/lipgloss,(github.com/charmbracelet/lipgloss.Style).getAsBool
783,shared,(*github.com/charmbracelet/lipgloss.Style).UnsetBorderRightForeground
809,shared,(*github.com/charmbracelet/lipgloss.Style).getAsTransform
1429,shared,(*golang.org/x/tools/go/ssa.Call).setType
494,github.com/muesli/termenv,(github.com/muesli/termenv.Output).ClearLineRight
712,github.com/picatz/taint/cmd/taint/example,github.com/picatz/taint/cmd/taint/example.handle
844,shared,(*go/types.TypeName).setParent
991,shared,(*go/types.Func).Type
1029,time,(time.Time).Equal
73,go/parser,go/parser.init
233,github.com/picatz/taint/cmd/ssadump,github.com/picatz/taint/cmd/ssadump.main$1
392,net/http,(net/http.Header).WriteSubset
670,github.com/charmbracelet/lipgloss,(github.com/charmbracelet/lipgloss.Style).applyMargins
797,github.com/picatz/taint/callgraphutil,github.com/picatz/taint/callgraphutil.PathsSearchCallToAdvancedAllNodes
828,go/types,(go/types.termlist).String
1092,shared,(*github.com/muesli/termenv.Output).foregroundColor
1289,time,(time.Time).String
302,shared,(*go/types.TypeAndValue).IsValue
640,shared,(*golang.org/x/tools/go/ssa.register).Parent
815,shared,(*go/types.termlist).union
817,shared,(*github.com/charmbracelet/lipgloss.Style).UnsetBorderForeground
1207,shared,(*net/textproto.MIMEHeader).Get
1213,shared,(*golang.org/x/tools/go/ssa.Alloc).Name
6,time,(time.Time).absSec
160,shared,(*github.com/charmbracelet/lipgloss.Style).GetVerticalPadding
456,shared,(*github.com/charmbracelet/lipgloss.Style).GetBorderLeftBackground
464,shared,(*github.com/muesli/termenv.Output).SetForegroundColor
692,github.com/muesli/termenv,(github.com/muesli/termenv.Output).SaveCursorPosition
935,github.com/muesli/termenv,(github.com/muesli/termenv.Output).Write
74,go/token,go/token.init
154,github.com/picatz/taint/cmd/taint,(*github.com/picatz/taint/cmd/taint.command).help
318,net/url,net/url.init
732,github.com/charmbracelet/lipgloss,(github.com/charmbracelet/lipgloss.Style).BorderRightBackground
923,internal/poll,(*internal/poll.SysFile).init
1255,github.com/charmbracelet/lipgloss,(github.com/charmbracelet/lipgloss.Style).UnsetPaddingRight
1412,shared,(*go/types.Label).Type
276,shared,(*go/types.Label).Id
512,shared,(*time.Time).Minute
781,shared,(*github.com/charmbracelet/lipgloss.Style).Transform
865,github.com/picatz/taint/callgraphutil,github.com/picatz/taint/callgraphutil.InstructionsFor
1410,shared,(*github.com/charmbracelet/lipgloss.Style).UnsetColorWhitespace
1472,shared,(*github.com/muesli/termenv.Output).AltScreen
443,shared,(*go/types.PkgName).scopePos
36,shared,(*github.com/charmbracelet/lipgloss.Style).GetMarginBottom
598,github.com/picatz/taint/cmd/taint/example,github.com/picatz/taint/cmd/taint/example.business
1133,shared,(*go/types.Var).Exported
1256,shared,(*golang.org/x/tools/go/ssa.FieldAddr).setType
1474,github.com/picatz/taint/cmd/taint,github.com/picatz/taint/cmd/taint.init$5
81,github.com/picatz/taint/callgraphutil,github.com/picatz/taint/callgraphutil.ParseMatchStrategy
303,go/types,(go/types.TypeAndValue).IsValue
725,golang.org/x/tools/go/types/typeutil,(golang.org/x/tools/go/types/typeutil.Hasher).Hash
1113,github.com/picatz/taint/callgraphutil,(*github.com/picatz/taint/callgraphutil.Logger).Progress
1476,shared,(*math/big.nat).scan
96,golang.org/x/tools/go/callgraph/cha,golang.org/x/tools/go/callgraph/cha.init
960,shared,(*github.com/charmbracelet/lipgloss.Border).GetLeftSize
1176,shared,(*math/big.nat).random
1288,shared,(*time.Time).String
17,github.com/picatz/taint/cmd/taint,(github.com/picatz/taint/cmd/taint.commands).eval
195,shared,(*crypto/x509/pkix.Name).ToRDNSequence
232,strings,strings.HasPrefix
371,github.com/charmbracelet/lipgloss,(github.com/charmbracelet/lipgloss.Style).GetColorWhitespace
411,shared,(*go/constant.Kind).String
719,shared,(*time.Time).Unix
1057,strings,strings.TrimSuffix
1409,github.com/charmbracelet/lipgloss,(github.com/charmbracelet/lipgloss.Style).BorderBottomForeground
200,github.com/charmbracelet/lipgloss,(github.com/charmbracelet/lipgloss.Style).MarginTop
203,shared,(*time.absYday).yday
291,shared,(*github.com/muesli/termenv.Output).EnableMouse
672,github.com/charmbracelet/lipgloss,(github.com/charmbracelet/lipgloss.Style).UnsetTabWidth
1417,math/big,(math/big.nat).isPow2
1480,shared,(*github.com/charmbracelet/lipgloss.Style).UnderlineSpaces
1506,github.com/picatz/taint/callgraphutil,github.com/picatz/taint/callgraphutil.WriteCosmograph
628,shared,(*math/big.nat).probablyPrimeMillerRabin
770,shared,(*golang.org/x/tools/go/ssa.FieldAddr).Pos
839,bytes,(*bytes.Buffer).WriteString
1027,shared,(io.Writer).Write
489,crypto/x509,(crypto/x509.OID).Equal
1111,math/big,(math/big.nat).setBit
1418,regexp,regexp.Compile
78,golang.org/x/tools/go/ssa,golang.org/x/tools/go/ssa.init
738,shared,(*github.com/charmbracelet/lipgloss.Style).UnsetMaxWidth
1035,go/types,(go/types.TypeAndValue).IsVoid
1058,strings,strings.LastIndex
687,runtime,runtime.Version
780,github.com/charmbracelet/lipgloss,(github.com/charmbracelet/lipgloss.Style).GetStrikethrough
912,shared,(*crypto/x509.ExtKeyUsage).String
956,github.com/picatz/taint/cmd/taint,github.com/picatz/taint/cmd/taint.initStyles
1128,shared,(*github.com/charmbracelet/lipgloss.Style).GetBackground
19,time,(time.Time).appendFormat
473,shared,(context.Context).Err
883,time,(time.Time).AppendFormat
987,shared,(*net.IP).IsPrivate
1026,shared,(struct{io.Reader; io.Writer}).Write
1352,shared,(*github.com/charmbracelet/lipgloss.Style).GetForeground
1521,golang.org/x/tools/go/ssa,(*golang.org/x/tools/go/ssa.Function).Parent
320,sort,sort.init
605,shared,(*math/big.nat).sqrt
751,shared,(*time.Duration).Abs
950,net/http,net/http.ListenAndServe
1264,shared,(*github.com/charmbracelet/lipgloss.Style).BorderBackground
1366,shared,(*net.IP).DefaultMask
1414,shared,(*github.com/charmbracelet/lipgloss.Style).BorderLeftForeground
217,shared,(*github.com/picatz/taint/callgraphutil.Paths).Longest
467,math/big,(math/big.nat).expNNMontgomeryEven
532,shared,(*time.Time).Local
581,shared,(*time.Weekday).String
1072,crypto/x509,(crypto/x509.OID).MarshalText
1129,github.com/charmbracelet/lipgloss,(github.com/charmbracelet/lipgloss.Style).GetBackground
1319,shared,(*github.com/charmbracelet/lipgloss.Style).Align
140,go/types,(*go/types.Named).Obj
175,github.com/charmbracelet/lipgloss,(github.com/charmbracelet/lipgloss.Style).Background
490,shared,(*github.com/muesli/termenv.Output).ExitAltScreen
545,github.com/picatz/taint/cmd/taint,github.com/picatz/taint/cmd/taint.cloneRepository
613,shared,(*time.Time).MarshalJSON
964,shared,(*go/types.Var).setType
1242,time,(time.Time).After
1,shared,(*go/types.Func).setOrder
42,github.com/picatz/taint/cmd/taint,github.com/picatz/taint/cmd/taint.makeRawTerminal$1
170,shared,(*github.com/charmbracelet/lipgloss.props).set
764,shared,(*encoding/asn1.BitString).At
877,net/url,(net/url.Values).Has
1240,math/big,(math/big.nat).expWW
197,shared,(*github.com/muesli/termenv.Output).DisableMousePixelsMode
990,net/url,(net/url.Values).Set
1010,shared,(*go/types.Builtin).Exported
1469,github.com/charmbracelet/lipgloss,(github.com/charmbracelet/lipgloss.Style).UnsetAlignVertical
246,shared,(*github.com/muesli/termenv.Style).Faint
412,go/constant,(go/constant.Kind).String
495,shared,(*github.com/charmbracelet/lipgloss.whitespace).render
594,github.com/picatz/taint/callgraphutil,github.com/picatz/taint/callgraphutil.checkBlockInstructionOptimized
1062,github.com/charmbracelet/lipgloss,(github.com/charmbracelet/lipgloss.Style).UnsetBorderBottomForeground
1211,shared,(*math/big.nat).setBytes
1389,shared,(*go/types.Builtin).setParent
313,shared,(github.com/muesli/termenv.Output).Convert
863,shared,(*net/http.Header).write
1143,go/types,(*go/types.Signature).Results
440,net,(net.IP).To4
615,shared,(*github.com/charmbracelet/lipgloss.Style).UnsetBorderBackground
684,github.com/picatz/taint/callgraphutil,github.com/picatz/taint/callgraphutil.removeDuplicateEdges
918,strings,strings.Join
942,shared,(*math/big.nat).probablyPrimeLucas
1005,github.com/charmbracelet/lipgloss,(github.com/charmbracelet/lipgloss.Style).UnsetUnderlineSpaces
1275,github.com/charmbracelet/lipgloss,(github.com/charmbracelet/lipgloss.Style).BorderBottomBackground
1499,time,(time.Time).UnixMilli
80,shared,(*go/types.Func).setType
260,shared,(*time.Duration).Microseconds
526,shared,(*github.com/muesli/termenv.Output).CursorNextLine
698,golang.org/x/tools/go/ssa,(*golang.org/x/tools/go/ssa.anInstruction).setBlock
916,golang.org/x/tools/go/ssa,(*golang.org/x/tools/go/ssa.CallCommon).StaticCallee
932,shared,(*github.com/muesli/termenv.Output).DisableMouseExtendedMode
451,math/big,(math/big.nat).mul
695,shared,(*github.com/charmbracelet/lipgloss.Style).GetBorderStyle
978,github.com/picatz/taint/callgraphutil,github.com/picatz/taint/callgraphutil.PathSearch
997,shared,(*github.com/charmbracelet/lipgloss.Style).UnsetBorderTopForeground
1436,github.com/charmbracelet/lipgloss,(github.com/charmbracelet/lipgloss.Style).GetInline
1573,time,(time.Duration).Hours
431,shared,(*github.com/charmbracelet/lipgloss.Style).Foreground
560,github.com/picatz/taint/cmd/taint,github.com/picatz/taint/cmd/taint.getModulePrefix
741,shared,(*github.com/charmbracelet/lipgloss.Style).StrikethroughSpaces
829,shared,(*time.absDays).date
948,net/http,net/http.NewServeMux
961,github.com/charmbracelet/lipgloss,(github.com/charmbracelet/lipgloss.Border).GetLeftSize
54,sync,(*sync.Once).Do
77,golang.org/x/tools/go/packages,golang.org/x/tools/go/packages.init
178,shared,(*time.Time).AddDate
810,github.com/charmbracelet/lipgloss,(github.com/charmbracelet/lipgloss.Style).getAsTransform
933,github.com/muesli/termenv,(github.com/muesli/termenv.Output).DisableMouseExtendedMode
1032,shared,(*github.com/charmbracelet/lipgloss.Style).GetBorderTopSize
1245,shared,(*github.com/charmbracelet/lipgloss.Style).GetHorizontalBorderSize
186,go/types,go/types.TypeString
683,github.com/picatz/taint/callgraphutil,github.com/picatz/taint/callgraphutil.NewGraphWithContext$1
853,shared,(*math/big.nat).divRecursive
1079,go/types,(go/types.TypeAndValue).IsBuiltin
1566,github.com/muesli/termenv,(github.com/muesli/termenv.Output).ClearLines
306,shared,(*math/big.nat).montgomery
920,shared,(*net.IP).IsInterfaceLocalMulticast
1082,shared,(*github.com/muesli/termenv.Output).DisableMousePress
1202,shared,(*github.com/charmbracelet/lipgloss.Style).getBorderStyle
108,go/types,(*go/types.object).scopePos
484,github.com/charmbracelet/lipgloss,(github.com/charmbracelet/lipgloss.Style).BorderBottom
1018,github.com/charmbracelet/lipgloss,(github.com/charmbracelet/lipgloss.Style).GetAlignVertical
1107,time,(time.absDays).yearYday
1514,golang.org/x/tools/go/ssa,(*golang.org/x/tools/go/ssa.Parameter).Parent
278,shared,(*go/ast.ObjKind).String
305,time,(time.Time).Hour
358,github.com/picatz/taint,(github.com/picatz/taint.valueSet).includes
577,shared,(*crypto/x509.OID).EqualASN1OID
806,github.com/charmbracelet/lipgloss,(github.com/charmbracelet/lipgloss.Style).Italic
860,shared,(*go/types.Label).Pkg
936,shared,(*github.com/muesli/termenv.Output).ClearLineLeft
1156,shared,(*math/big.nat).bit
417,encoding/asn1,(encoding/asn1.ObjectIdentifier).Equal
647,github.com/charmbracelet/lipgloss,(github.com/charmbracelet/lipgloss.Style).UnsetPaddingTop
800,shared,(*go/types.VarKind).String
1281,shared,(*math/big.nat).make
1561,crypto,(crypto.Hash).New
130,go/types,(*go/types.Interface).Method
947,database/sql,database/sql.Open
1020,math/big,(math/big.nat).div
1085,github.com/muesli/termenv,(github.com/muesli/termenv.Output).CursorUp
1168,shared,(*golang.org/x/tools/go/ssa.Call).Referrers
1174,shared,(*go/types.TypeName).order
1274,shared,(*github.com/charmbracelet/lipgloss.Style).BorderBottomBackground
1504,github.com/charmbracelet/lipgloss,(github.com/charmbracelet/lipgloss.Style).String
284,github.com/picatz/taint,github.com/picatz/taint.checkPath
395,shared,(*github.com/charmbracelet/lipgloss.Style).UnsetPaddingBottom
679,go/types,(*go/types.Signature).Params
690,github.com/picatz/taint/xss,github.com/picatz/taint/xss.dbg
708,shared,(*github.com/charmbracelet/lipgloss.Style).BorderTopForeground
808,github.com/charmbracelet/lipgloss,(github.com/charmbracelet/lipgloss.Style).UnsetBorderLeft
1069,internal/types/errors,(internal/types/errors.Code).String
1199,time,(time.Time).IsZero
399,github.com/picatz/taint/cmd/sqli,github.com/picatz/taint/cmd/sqli.init
488,shared,(*crypto/x509.OID).Equal
1193,shared,(*github.com/picatz/taint/callgraphutil.Path).Empty
1316,bufio,(*bufio.Writer).Write
1337,math/big,(math/big.nat).divRecursiveStep
1342,shared,(*crypto/x509.SignatureAlgorithm).isRSAPSS
1357,github.com/charmbracelet/lipgloss,(github.com/charmbracelet/lipgloss.Style).GetBorderRightBackground
4,net/http,(net/http.Header).Values
1280,github.com/charmbracelet/lipgloss,(github.com/charmbracelet/lipgloss.Style).GetBorderTopBackground
253,time,(time.Time).Add
428,github.com/charmbracelet/lipgloss,(github.com/charmbracelet/lipgloss.Style).UnsetStrikethroughSpaces
1152,shared,(*github.com/muesli/termenv.Output).EnableMouseExtendedMode
1265,github.com/charmbracelet/lipgloss,(github.com/charmbracelet/lipgloss.Style).BorderBackground
1270,shared,(*github.com/charmbracelet/lipgloss.Style).GetVerticalFrameSize
1302,shared,(*github.com/charmbracelet/lipgloss.Style).ColorWhitespace
179,time,(time.Time).AddDate
889,shared,(*net/http.Header).Add
1466,shared,(*github.com/charmbracelet/lipgloss.Style).UnsetBorderRightBackground
476,github.com/picatz/taint/callgraphutil,github.com/picatz/taint/callgraphutil.forwardSlice
861,shared,(*crypto/x509.OID).MarshalBinary
968,github.com/charmbracelet/lipgloss,(github.com/charmbracelet/lipgloss.Style).Strikethrough
1135,github.com/charmbracelet/lipgloss,(github.com/charmbracelet/lipgloss.Style).GetMargin
1522,golang.org/x/tools/go/ssa,(*golang.org/x/tools/go/ssa.FreeVar).Name
1527,shared,(*github.com/charmbracelet/lipgloss.Style).GetAlignHorizontal
163,github.com/picatz/taint/callgraphutil,github.com/picatz/taint/callgraphutil.FromContext
449,go/types,(*go/types.Info).recordTypes
453,github.com/muesli/termenv,(github.com/muesli/termenv.Output).Reset
1049,github.com/charmbracelet/lipgloss,(github.com/charmbracelet/lipgloss.Style).UnsetBlink
1246,github.com/charmbracelet/lipgloss,(github.com/charmbracelet/lipgloss.Style).GetHorizontalBorderSize
1287,shared,(*go/types.Const).order
702,crypto/x509,(crypto/x509.SignatureAlgorithm).String
821,github.com/picatz/taint/cmd/xss,github.com/picatz/taint/cmd/xss.init
996,github.com/charmbracelet/lipgloss,(github.com/charmbracelet/lipgloss.Style).GetWidth
1539,shared,(*github.com/charmbracelet/lipgloss.Style).GetMaxWidth
177,github.com/picatz/taint/callgraphutil,(*github.com/picatz/taint/callgraphutil.Logger).log
299,shared,(*go/types.Var).order
76,os/signal,os/signal.init
438,math/big,(math/big.nat).modW
468,shared,(*net/http.Header).Set
551,os,os.Environ
864,net/http,(net/http.Header).write
927,github.com/charmbracelet/lipgloss,(github.com/charmbracelet/lipgloss.Style).GetTransform
1196,shared,(*go/types.substMap).empty
12,github.com/charmbracelet/lipgloss,(github.com/charmbracelet/lipgloss.Style).Render
255,github.com/charmbracelet/lipgloss,(github.com/charmbracelet/lipgloss.Style).GetBorderRight
547,path/filepath,path/filepath.Dir
1548,github.com/charmbracelet/lipgloss,(github.com/charmbracelet/lipgloss.Style).UnsetMaxHeight
205,shared,(*net.IP).Equal
843,shared,(*go/types.Const).Type
1185,github.com/charmbracelet/lipgloss,(github.com/charmbracelet/lipgloss.Style).GetPaddingLeft
595,github.com/picatz/taint/callgraphutil,github.com/picatz/taint/callgraphutil.NewGraphWithContext$2$1
789,shared,(*go/types.termlist).intersect
881,shared,(*golang.org/x/tools/go/ssa.FieldAddr).setBlock
1147,crypto,(crypto.Hash).String
1554,shared,(*go/types.Builtin).setOrder
68,go/token,(go/token.Token).IsKeyword
293,shared,(*github.com/charmbracelet/lipgloss.Style).PaddingLeft
509,github.com/picatz/taint/cmd/taint,github.com/picatz/taint/cmd/taint.init$3
1425,golang.org/x/term,golang.org/x/term.MakeRaw
125,github.com/picatz/taint/callgraphutil,github.com/picatz/taint/callgraphutil.processChangeInterfaceArgs
211,shared,(golang.org/x/tools/go/ssa.Value).String
827,shared,(*go/types.termlist).String
1056,github.com/picatz/taint/cmd/taint,github.com/picatz/taint/cmd/taint.colorReceiver
1493,github.com/charmbracelet/lipgloss,(github.com/charmbracelet/lipgloss.Style).UnsetMarginTop
0,github.com/picatz/taint/cmd/logi,github.com/picatz/taint/cmd/logi.main
630,shared,(*golang.org/x/tools/go/ssa.Alloc).Block
691,shared,(*github.com/muesli/termenv.Output).SaveCursorPosition
890,net/http,(net/http.Header).Add
965,shared,(*github.com/muesli/termenv.Output).DisableMouseCellMotion
1148,shared,(*github.com/charmbracelet/lipgloss.Style).UnsetString
1399,shared,(*github.com/charmbracelet/lipgloss.Style).GetBold
1490,shared,(*time.absYday).janFeb
941,crypto/x509/pkix,(crypto/x509/pkix.RDNSequence).String
958,github.com/charmbracelet/lipgloss,github.com/charmbracelet/lipgloss.NewStyle
1178,shared,(*golang.org/x/tools/go/ssa.FieldAddr).Name
1254,shared,(*github.com/charmbracelet/lipgloss.Style).UnsetPaddingRight
1305,github.com/charmbracelet/lipgloss,(github.com/charmbracelet/lipgloss.Style).UnsetUnderline
1380,github.com/muesli/termenv,(github.com/muesli/termenv.Output).RestoreCursorPosition
433,shared,(*go/types.Var).Pos
1013,shared,(*github.com/charmbracelet/lipgloss.AdaptiveColor).color
1304,shared,(*github.com/charmbracelet/lipgloss.Style).UnsetUnderline
1455,time,(time.Duration).Minutes
150,github.com/picatz/taint/cmd/taint,(github.com/picatz/taint/cmd/taint.commands).eval$2
644,github.com/charmbracelet/lipgloss,(github.com/charmbracelet/lipgloss.Style).UnsetMarginRight
772,shared,(*go/types.Var).sameId
875,shared,(*go/types.Const).setScopePos
896,github.com/charmbracelet/lipgloss,(github.com/charmbracelet/lipgloss.Style).Faint
1170,github.com/charmbracelet/lipgloss,(github.com/charmbracelet/lipgloss.Style).UnsetBorderTopBackground
1173,github.com/picatz/taint/xss,github.com/picatz/taint/xss.argIsUserControlled
1259,strconv,strconv.Atoi
366,shared,(*github.com/muesli/termenv.Output).DisableMouseAllMotion
1226,shared,(*go/types.Label).setOrder
1234,shared,(*go/token.Token).IsOperator
1298,shared,(*math/big.nat).expNNMontgomery
1308,shared,(*net.IPMask).Size
1347,time,(time.Time).Day
1555,shared,(*go/types.Var).Pkg
69,github.com/picatz/taint/cmd/ssadump,github.com/picatz/taint/cmd/ssadump.init
93,bytes,bytes.init
198,github.com/muesli/termenv,(github.com/muesli/termenv.Output).DisableMousePixelsMode
755,shared,(*time.Time).MarshalText
819,shared,(*github.com/charmbracelet/lipgloss.Style).UnsetInline
1060,github.com/charmbracelet/lipgloss,(github.com/charmbracelet/lipgloss.Style).MaxHeight
1194,shared,(*github.com/charmbracelet/lipgloss.Style).UnsetPadding
1438,github.com/picatz/taint/cmd/taint,github.com/picatz/taint/cmd/taint.init$4
45,go/types,(*go/types.object).Type
938,shared,(*math/big.nat).expNNWindowed
1001,shared,(*net/textproto.MIMEHeader).Values
1394,shared,(*github.com/muesli/termenv.Style).Reverse
1492,shared,(*github.com/charmbracelet/lipgloss.Style).UnsetMarginTop
1552,shared,(go/types.Checker).recordTypes
1568,time,(time.absDays).weekday
352,time,(time.absCentury).year
439,shared,(*net.IP).To4
1252,shared,(*math/big.nat).cmp
39,net,(net.IP).To16
326,github.com/picatz/taint/cmd/taint,github.com/picatz/taint/cmd/taint.terminalWriteFn
460,shared,(*go/types.Label).Exported
491,github.com/muesli/termenv,(github.com/muesli/termenv.Output).ExitAltScreen
568,github.com/picatz/taint/callgraphutil,(*github.com/picatz/taint/callgraphutil.nodeInfo).CSV
609,shared,(*crypto.Hash).Available
812,shared,(*github.com/picatz/taint/callgraphutil.Path).Last
937,github.com/muesli/termenv,(github.com/muesli/termenv.Output).ClearLineLeft
271,github.com/charmbracelet/lipgloss,(github.com/charmbracelet/lipgloss.Style).UnsetForeground
406,math/big,(math/big.nat).modInverse
497,shared,(*github.com/muesli/termenv.Output).termStatusReport
643,shared,(*github.com/charmbracelet/lipgloss.Style).UnsetMarginRight
895,shared,(*github.com/charmbracelet/lipgloss.Style).Faint
1546,github.com/charmbracelet/lipgloss,(github.com/charmbracelet/lipgloss.Style).SetString
114,time,(time.Month).String
135,golang.org/x/tools/go/ssa,(*golang.org/x/tools/go/ssa.Package).Func
143,go/types,(*go/types.MethodSet).Lookup
448,shared,(*go/types.Checker).recordTypes
541,strings,strings.Contains
976,github.com/muesli/termenv,(github.com/muesli/termenv.Output).MoveCursor
840,shared,(*go/types.TypeAndValue).Assignable
1009,github.com/muesli/termenv,(github.com/muesli/termenv.Profile).Color
1376,time,(time.Time).Location
1494,shared,(*go/types.Func).Parent
421,shared,(*time.Time).MarshalBinary
506,go/types,(*go/types.object).setScopePos
520,shared,(*go/types.Builtin).order
638,shared,(*go/types.Const).scopePos
790,go/types,(go/types.termlist).intersect
436,golang.org/x/tools/go/ssa,(*golang.org/x/tools/go/ssa.register).Name
454,shared,(*math/big.nat).mulAddWW
550,strings,strings.SplitSeq
652,shared,(*go/types.PkgName).setScopePos
1098,github.com/picatz/taint/cmd/taint,github.com/picatz/taint/cmd/taint.startShell$1
1262,shared,(*crypto/x509/pkix.Name).appendRDNs
35,github.com/charmbracelet/lipgloss,(github.com/charmbracelet/lipgloss.Style).UnsetFaint
91,strings,strings.init
213,shared,(golang.org/x/tools/go/ssa.Value).Pos
757,shared,(*github.com/charmbracelet/lipgloss.Style).Inherit
811,shared,(*go/types.Builtin).Id
831,shared,(*github.com/charmbracelet/lipgloss.Style).getAsColor
1220,shared,(*github.com/charmbracelet/lipgloss.Style).GetBorderBottomBackground
1488,shared,(*github.com/charmbracelet/lipgloss.props).has
216,github.com/charmbracelet/lipgloss,(github.com/charmbracelet/lipgloss.Style).UnsetBorderRight
325,github.com/picatz/taint/cmd/taint,github.com/picatz/taint/cmd/taint.errorCommandFn
723,github.com/picatz/taint/callgraphutil,(github.com/picatz/taint/callgraphutil.Paths).Shortest
745,github.com/picatz/taint/cmd/taint/example,github.com/picatz/taint/cmd/taint/example.init
1080,shared,(*github.com/charmbracelet/lipgloss.Style).Renderer
1232,shared,(*github.com/picatz/taint/callgraphutil.Path).First
51,github.com/muesli/termenv,(github.com/muesli/termenv.Style).String
221,shared,(*crypto/x509/pkix.Name).String
361,golang.org/x/tools/go/ssa,(*golang.org/x/tools/go/ssa.Call).Operands
383,github.com/charmbracelet/lipgloss,(github.com/charmbracelet/lipgloss.Style).GetVerticalMargins
627,github.com/go-git/go-git/v5/plumbing,(github.com/go-git/go-git/v5/plumbing.Hash).String
656,shared,(*github.com/charmbracelet/lipgloss.Style).AlignVertical
1144,shared,(*go/token.Token).String
1154,shared,(*github.com/charmbracelet/lipgloss.Style).UnsetAlign
3,shared,(*net/http.Header).Values
319,path/filepath,path/filepath.init
777,shared,(*time.Time).Clock
842,shared,(*go/types.Label).scopePos
1377,shared,(*github.com/muesli/termenv.Style).Underline
1407,github.com/picatz/taint,github.com/picatz/taint.WalkSSA
1411,github.com/charmbracelet/lipgloss,(github.com/charmbracelet/lipgloss.Style).UnsetColorWhitespace
1570,shared,(*github.com/muesli/termenv.Style).Foreground
728,shared,(*net/textproto.MIMEHeader).Set
753,shared,(*math/big.nat).subMod2N
1106,shared,(*time.absDays).yearYday
1112,shared,(*github.com/muesli/termenv.Profile).Color
1134,shared,(*github.com/charmbracelet/lipgloss.Style).GetMargin
1385,shared,(*github.com/muesli/termenv.Output).ClearLine
1502,github.com/muesli/termenv,(github.com/muesli/termenv.Output).SetCursorColor
1511,shared,(*github.com/muesli/termenv.Output).Color
60,shared,(*crypto/x509.OID).AppendText
146,flag,flag.NewFlagSet
251,github.com/charmbracelet/lipgloss,(github.com/charmbracelet/lipgloss.Style).UnsetBorderStyle
311,github.com/charmbracelet/lipgloss,(github.com/charmbracelet/lipgloss.Style).BorderLeftBackground
370,shared,(*github.com/charmbracelet/lipgloss.Style).GetColorWhitespace
703,shared,(*github.com/muesli/termenv.Output).Writer
1100,os,os.Open
1124,time,(time.Duration).Round
59,go/parser,go/parser.ParseFile
126,shared,(golang.org/x/tools/go/ssa.CallInstruction).Common
169,github.com/charmbracelet/lipgloss,(github.com/charmbracelet/lipgloss.Style).UnsetReverse
397,shared,(*github.com/charmbracelet/lipgloss.Style).PaddingBottom
953,shared,(*go/types.PkgName).setOrder
1150,shared,(*net.IP).Mask
1195,github.com/charmbracelet/lipgloss,(github.com/charmbracelet/lipgloss.Style).UnsetPadding
1272,shared,(*github.com/muesli/termenv.Output).backgroundColor
156,os,(*os.file).close
173,math/big,(math/big.nat).xor
429,shared,(*github.com/charmbracelet/lipgloss.Style).implicitBorders
546,path/filepath,path/filepath.Join
552,golang.org/x/tools/go/packages,golang.org/x/tools/go/packages.Load
1203,github.com/charmbracelet/lipgloss,(github.com/charmbracelet/lipgloss.Style).getBorderStyle
1322,shared,(*github.com/charmbracelet/lipgloss.Style).BorderRightForeground
1405,shared,(*github.com/muesli/termenv.Output).CursorDown
463,shared,(*golang.org/x/tools/go/ssa.FieldAddr).Parent
750,shared,(*os.File).close
921,net,(net.IP).IsInterfaceLocalMulticast
952,time,(time.Time).appendFormatRFC3339
1400,github.com/charmbracelet/lipgloss,(github.com/charmbracelet/lipgloss.Style).GetBold
1542,time,(time.Time).Compare
1544,go/types,(go/types.goVersion).cmp
61,crypto/x509,(crypto/x509.OID).AppendText
892,github.com/charmbracelet/lipgloss,(github.com/charmbracelet/lipgloss.Style).GetHorizontalMargins
1214,shared,(*github.com/charmbracelet/lipgloss.Style).GetBorderLeftForeground
1331,net/http,(net/http.Header).has
787,shared,(*github.com/charmbracelet/lipgloss.Style).MarginRight
1127,shared,(*go/types.TypeName).setOrder
1529,shared,(*time.Time).GobEncode
1571,github.com/muesli/termenv,(github.com/muesli/termenv.Style).Foreground
25,golang.org/x/tools/go/ssa,(*golang.org/x/tools/go/ssa.Function).Object
400,github.com/picatz/taint/sql/injection,github.com/picatz/taint/sql/injection.init
569,shared,(*github.com/charmbracelet/lipgloss.Style).GetPaddingBottom
631,shared,(*time.Time).ZoneBounds
1068,shared,(*internal/types/errors.Code).String
1260,shared,(*golang.org/x/tools/go/callgraph.Edge).Pos
1363,time,(time.absMonth).month
1364,shared,(*github.com/muesli/termenv.Output).DisableMouse
408,github.com/charmbracelet/lipgloss,(github.com/charmbracelet/lipgloss.Style).GetTabWidth
519,go/types,(*go/types.Info).PkgNameOf
945,github.com/charmbracelet/lipgloss,(github.com/charmbracelet/lipgloss.Style).applyBorder
1145,go/token,(go/token.Token).String
1564,shared,(*go/types.Const).cmp
256,shared,(*math/big.nat).rem
332,shared,(*golang.org/x/tools/go/ssa.Alloc).setPos
382,shared,(*github.com/charmbracelet/lipgloss.Style).GetVerticalMargins
401,shared,(*time.Time).Year
1166,shared,(*net.IPMask).String
1201,shared,(*go/types.Label).sameId
1257,golang.org/x/tools/go/ssa,(*golang.org/x/tools/go/ssa.register).setType
190,go/types,(go/types.termlist).norm
479,golang.org/x/tools/go/callgraph,(*golang.org/x/tools/go/callgraph.Graph).DeleteSyntheticNodes
588,net,(net.IP).IsUnspecified
689,go/types,(*go/types.Package).GoVersion
1481,github.com/charmbracelet/lipgloss,(github.com/charmbracelet/lipgloss.Style).UnderlineSpaces
348,shared,(*go/types.PkgName).sameId
1021,shared,(*time.Time).appendTo
1278,math/big,(math/big.nat).bytes
1312,shared,(*github.com/charmbracelet/lipgloss.Style).UnsetStrikethrough
1345,github.com/charmbracelet/lipgloss,(github.com/charmbracelet/lipgloss.Style).UnsetMarginLeft
1356,shared,(*github.com/charmbracelet/lipgloss.Style).GetBorderRightBackground
1381,shared,(*github.com/charmbracelet/lipgloss.Style).getAsPosition
149,flag,(*flag.FlagSet).Visit
199,shared,(*github.com/charmbracelet/lipgloss.Style).MarginTop
717,github.com/picatz/taint/xss,github.com/picatz/taint/xss.funcHasHtmlEscape
1034,shared,(*go/types.TypeAndValue).IsVoid
1044,shared,(*github.com/charmbracelet/lipgloss.Style).GetMarginLeft
1061,shared,(*github.com/charmbracelet/lipgloss.Style).UnsetBorderBottomForeground
1332,shared,(*crypto/x509.OID).AppendBinary
1367,net,(net.IP).DefaultMask
87,golang.org/x/tools/go/callgraph,golang.org/x/tools/go/callgraph.init
379,github.com/picatz/taint/callgraphutil,github.com/picatz/taint/callgraphutil.WriteDOT
566,encoding/csv,(*encoding/csv.Writer).Write
611,shared,(*github.com/charmbracelet/lipgloss.Style).PaddingTop
636,shared,(*github.com/charmbracelet/lipgloss.Style).BorderTop
749,math/big,(math/big.nat).trunc
837,bytes,(*bytes.Buffer).String
1468,shared,(*github.com/charmbracelet/lipgloss.Style).UnsetAlignVertical
41,golang.org/x/tools/go/ssa,(golang.org/x/tools/go/ssa.BuilderMode).String
238,shared,(*github.com/charmbracelet/lipgloss.Style).BorderForeground
424,github.com/charmbracelet/lipgloss,(github.com/charmbracelet/lipgloss.Style).UnsetBorderLeftBackground
485,github.com/picatz/taint/log/injection,github.com/picatz/taint/log/injection.init#1
663,golang.org/x/tools/go/ssa/ssautil,golang.org/x/tools/go/ssa/ssautil.Packages
846,shared,(*time.Time).AppendText
1547,shared,(*github.com/charmbracelet/lipgloss.Style).UnsetMaxHeight
104,github.com/charmbracelet/lipgloss,(github.com/charmbracelet/lipgloss.Style).UnsetBorderLeftForeground
487,time,(time.Time).Second
658,github.com/picatz/taint/cmd/ssadump,github.com/picatz/taint/cmd/ssadump.main
1000,crypto/tls,(crypto/tls.CurveID).String
1151,net,(net.IP).Mask
1283,shared,(*go/types.termlist).subsetOf
131,go/types,(*go/types.Func).Pkg
500,crypto/x509,(crypto/x509.PublicKeyAlgorithm).String
759,shared,(*github.com/charmbracelet/lipgloss.Style).UnsetMargins
934,shared,(*github.com/muesli/termenv.Output).Write
1011,shared,(*go/types.Var).cmp
1189,time,(time.absSeconds).days
55,github.com/picatz/taint/callgraphutil,github.com/picatz/taint/callgraphutil.getAllFunctionsCached$1
98,time,time.init
109,shared,(*github.com/charmbracelet/lipgloss.Style).Blink
437,shared,(*math/big.nat).modW
872,github.com/picatz/taint/callgraphutil,github.com/picatz/taint/callgraphutil.processFunctionArgumentsOptimized
1114,time,(time.Duration).Truncate
1443,shared,(*time.Time).In
100,regexp,regexp.init
261,time,(time.Duration).Microseconds
555,path/filepath,path/filepath.Abs
979,github.com/picatz/taint/callgraphutil,github.com/picatz/taint/callgraphutil.PathSearchCallTo$1
1165,shared,(*go/types.Var).Parent
579,shared,(*github.com/muesli/termenv.Output).CopyPrimary
666,shared,(*github.com/charmbracelet/lipgloss.Style).Reverse
1509,shared,(*go/types.termlist).supersetOf
360,shared,(golang.org/x/tools/go/ssa.Value).Referrers
662,os,os.Getwd
685,github.com/picatz/taint/callgraphutil,github.com/picatz/taint/callgraphutil.NewGraphWithContext$3
773,shared,(*time.Time).IsDST
1075,shared,(*github.com/muesli/termenv.Style).Overline
1326,shared,(*golang.org/x/tools/go/ssa.Alloc).setType
269,math/big,(math/big.Accuracy).String
603,shared,(*github.com/charmbracelet/lipgloss.Style).GetVerticalBorderSize
1130,shared,(*net/textproto.MIMEHeader).Del
1435,shared,(*github.com/charmbracelet/lipgloss.Style).GetInline
1508,go/types,(go/types.TypeAndValue).IsType
102,go/types,(*go/types.Info).TypeOf
167,github.com/charmbracelet/lipgloss,(github.com/charmbracelet/lipgloss.Style).GetBorderBottom
324,golang.org/x/term,golang.org/x/term.init
602,github.com/muesli/termenv,(github.com/muesli/termenv.Output).ClearScreen
774,time,(time.Time).IsDST
876,shared,(*net/url.Values).Has
962,shared,(*go/types.termlist).isAll
1007,math/big,(math/big.nat).rsh
145,strings,strings.Fields
265,github.com/charmbracelet/lipgloss,(github.com/charmbracelet/lipgloss.Style).UnsetBorderBottomBackground
1116,shared,(*github.com/muesli/termenv.Style).Blink
1248,shared,(*github.com/charmbracelet/lipgloss.Style).UnsetBackground
1446,shared,(*go/types.Builtin).Name
1463,time,(time.Time).GoString
1536,shared,(*go/types.Builtin).cmp
53,sync,(*sync.Map).Load
240,shared,(*github.com/muesli/termenv.Output).CursorPrevLine
697,shared,(*golang.org/x/tools/go/ssa.Call).setBlock
744,github.com/charmbracelet/lipgloss,(github.com/charmbracelet/lipgloss.Style).GetPaddingTop
1081,github.com/charmbracelet/lipgloss,(github.com/charmbracelet/lipgloss.Style).Renderer
1162,shared,(*go/types.Builtin).Pos
1317,shared,(*math/big.nat).expNN
1324,shared,(*math/big.nat).or
48,shared,(*net/http.Header).get
375,github.com/picatz/taint/callgraphutil,github.com/picatz/taint/callgraphutil.PathsSearchCallToAdvanced
820,github.com/charmbracelet/lipgloss,(github.com/charmbracelet/lipgloss.Style).UnsetInline
1353,github.com/charmbracelet/lipgloss,(github.com/charmbracelet/lipgloss.Style).GetForeground
234,shared,(*github.com/charmbracelet/lipgloss.Style).GetBorderBottomSize
478,golang.org/x/tools/go/callgraph/vta,golang.org/x/tools/go/callgraph/vta.CallGraph
534,shared,(*go/types.Checker).ObjectOf
625,github.com/go-git/go-git/v5,(*github.com/go-git/go-git/v5.Repository).Head
1448,github.com/charmbracelet/lipgloss,(github.com/charmbracelet/lipgloss.props).unset
56,sync,(*sync.Map).LoadOrStore
455,math/big,(math/big.nat).mulAddWW
575,github.com/charmbracelet/lipgloss,(github.com/charmbracelet/lipgloss.Style).GetBorder
763,shared,(*go/types.Label).cmp
1024,shared,(*go/types.TypeName).scopePos
1343,crypto/x509,(crypto/x509.SignatureAlgorithm).isRSAPSS
1479,github.com/muesli/termenv,(github.com/muesli/termenv.Output).ChangeScrollingRegion
132,go/types,(*go/types.Package).Path
1408,shared,(*github.com/charmbracelet/lipgloss.Style).BorderBottomForeground
1516,go/types,(*go/types.Tuple).At
252,shared,(*time.Time).Add
254,shared,(*github.com/charmbracelet/lipgloss.Style).GetBorderRight
794,time,(time.Time).Nanosecond
784,github.com/charmbracelet/lipgloss,(github.com/charmbracelet/lipgloss.Style).UnsetBorderRightForeground
1437,github.com/picatz/taint,github.com/picatz/taint.derivedFromSource
292,github.com/muesli/termenv,(github.com/muesli/termenv.Output).EnableMouse
376,github.com/picatz/taint/callgraphutil,github.com/picatz/taint/callgraphutil.NewFunctionMatcherFromString
471,github.com/charmbracelet/lipgloss,(github.com/charmbracelet/lipgloss.Style).GetBorderTop
610,crypto,(crypto.Hash).Available
857,shared,(*time.Time).Before
1101,os,(*os.File).Readdir
1181,shared,(*golang.org/x/tools/go/ssa.Call).setNum
1486,shared,(*net/textproto.MIMEHeader).Add
162,github.com/picatz/taint/callgraphutil,github.com/picatz/taint/callgraphutil.NewProgressTracker
592,shared,(context.Context).Done
724,shared,(*golang.org/x/tools/go/types/typeutil.Hasher).Hash
813,shared,(*github.com/charmbracelet/lipgloss.Border).GetBottomSize
832,github.com/charmbracelet/lipgloss,(github.com/charmbracelet/lipgloss.Style).getAsColor
1328,golang.org/x/tools/go/callgraph,(golang.org/x/tools/go/callgraph.Edge).Description
1372,shared,(*github.com/muesli/termenv.Output).Convert
1563,github.com/muesli/termenv,(github.com/muesli/termenv.Output).WriteString
67,shared,(*go/token.Token).IsKeyword
897,shared,(*github.com/muesli/termenv.Output).CursorForward
1210,math/big,(math/big.nat).andNot
1439,sort,sort.Slice
97,golang.org/x/tools/go/callgraph/vta,golang.org/x/tools/go/callgraph/vta.init
390,github.com/muesli/termenv,(github.com/muesli/termenv.Output).SetBackgroundColor
445,github.com/picatz/taint/xss,github.com/picatz/taint/xss.isHtmlEscapeCall
557,go/types,(*go/types.Package).Name
632,time,(time.Time).ZoneBounds
635,github.com/picatz/taint/callgraphutil,github.com/picatz/taint/callgraphutil.PathsSearchCallToPartial$1
657,github.com/charmbracelet/lipgloss,(github.com/charmbracelet/lipgloss.Style).AlignVertical
886,github.com/picatz/taint/callgraphutil,(*github.com/picatz/taint/callgraphutil.FunctionMatcher).String
210,shared,(golang.org/x/tools/go/ssa.CallInstruction).Value
928,shared,(*github.com/charmbracelet/lipgloss.Style).GetReverse
940,shared,(*crypto/x509/pkix.RDNSequence).String
1038,go/types,(go/types.termlist).includes
1227,shared,(*time.Time).UTC
1299,math/big,(math/big.nat).expNNMontgomery
1449,shared,(*golang.org/x/tools/go/ssa.FieldAddr).Block
1460,shared,(*encoding/asn1.ObjectIdentifier).String
181,golang.org/x/tools/go/ssa,(*golang.org/x/tools/go/ssa.CallCommon).IsInvoke
378,github.com/picatz/taint/callgraphutil,(*github.com/picatz/taint/callgraphutil.FunctionMatcher).Strategy
572,github.com/picatz/taint/log/injection,github.com/picatz/taint/log/injection.run
859,shared,(*go/types.Func).Exported
986,github.com/charmbracelet/lipgloss,(github.com/charmbracelet/lipgloss.Style).GetPadding
1219,github.com/charmbracelet/lipgloss,(github.com/charmbracelet/lipgloss.Style).GetUnderlineSpaces
1512,golang.org/x/tools/go/ssa,(*golang.org/x/tools/go/ssa.Parameter).Type
52,github.com/picatz/taint/callgraphutil,github.com/picatz/taint/callgraphutil.getAllFunctionsCached
184,github.com/picatz/taint/callgraphutil,github.com/picatz/taint/callgraphutil.findFunctionInFieldValue
219,shared,(*math/big.nat).itoa
396,github.com/charmbracelet/lipgloss,(github.com/charmbracelet/lipgloss.Style).UnsetPaddingBottom
993,shared,(*time.Time).UnixNano
92,bufio,bufio.init
693,shared,(*github.com/muesli/termenv.Output).ShowCursor
746,database/sql,database/sql.init
765,encoding/asn1,(encoding/asn1.BitString).At
1108,shared,(*crypto/x509.OID).String
1359,github.com/picatz/taint/callgraphutil,github.com/picatz/taint/callgraphutil.NewLogger
90,runtime,runtime.init
118,flag,flag.init
124,github.com/picatz/taint/xss,github.com/picatz/taint/xss.init#1
1169,shared,(*github.com/charmbracelet/lipgloss.Style).UnsetBorderTopBackground
459,net,(net.IP).IsMulticast
499,shared,(*crypto/x509.PublicKeyAlgorithm).String
767,net/url,(net/url.Values).Del
1186,shared,(*github.com/muesli/termenv.Output).EnableBracketedPaste
1190,os,os.ReadFile
1462,shared,(*time.Time).GoString
641,shared,(*time.Time).Truncate
804,shared,(*github.com/muesli/termenv.Output).Name
1485,github.com/charmbracelet/lipgloss,(github.com/charmbracelet/lipgloss.Style).PaddingRight
180,github.com/picatz/taint/callgraphutil,github.com/picatz/taint/callgraphutil.checkBlockInstruction
483,shared,(*github.com/charmbracelet/lipgloss.Style).BorderBottom
805,shared,(*github.com/charmbracelet/lipgloss.Style).Italic
1071,shared,(*crypto/x509.OID).MarshalText
1102,os,(*os.File).Close
1137,net,(net.IP).MarshalText
1258,github.com/picatz/taint/cmd/taint,github.com/picatz/taint/cmd/taint.init$6$1
1365,github.com/muesli/termenv,(github.com/muesli/termenv.Output).DisableMouse
452,shared,(*github.com/muesli/termenv.Output).Reset
496,github.com/charmbracelet/lipgloss,(github.com/charmbracelet/lipgloss.whitespace).render
905,time,(time.absSeconds).clock
1526,crypto/x509,(crypto/x509.OID).toASN1OID
172,shared,(*math/big.nat).xor
617,shared,(*crypto/x509.SignatureAlgorithm).hashFunc
700,github.com/picatz/taint/callgraphutil,github.com/picatz/taint/callgraphutil.PathsSearchCallToWithMatcher$1
825,shared,(*github.com/charmbracelet/lipgloss.Style).GetBorderLeft
930,shared,(*github.com/muesli/termenv.Style).Background
1329,shared,(*go/types.PkgName).order
1351,go/types,(*go/types.environment).lookupScope
13,bufio,(*bufio.Writer).WriteString
119,golang.org/x/tools/go/analysis,golang.org/x/tools/go/analysis.init
147,flag,(*flag.FlagSet).SetOutput
730,shared,(*go/types.PkgName).Pos
1140,github.com/picatz/taint,github.com/picatz/taint.hasProtoMessageMethod
1250,shared,(*github.com/charmbracelet/lipgloss.Style).GetHeight
1253,math/big,(math/big.nat).cmp
18,shared,(*time.Time).appendFormat
129,go/types,(*go/types.Interface).NumMethods
133,golang.org/x/tools/go/ssa,(*golang.org/x/tools/go/ssa.Program).ImportedPackage
346,shared,(*github.com/muesli/termenv.Profile).Name
850,shared,(*math/big.nat).mulRange
158,github.com/picatz/taint/log/injection,github.com/picatz/taint/log/injection.init
225,shared,(*go/types.PkgName).Type
538,shared,(*github.com/charmbracelet/lipgloss.Style).Render
836,shared,(*golang.org/x/tools/go/ssa.register).setBlock
1015,shared,(*go/types.Label).Parent
1545,shared,(*github.com/charmbracelet/lipgloss.Style).SetString
110,github.com/charmbracelet/lipgloss,(github.com/charmbracelet/lipgloss.Style).Blink
686,github.com/picatz/taint/callgraphutil,(*github.com/picatz/taint/callgraphutil.Logger).Error
830,time,(time.absDays).date
847,time,(time.Time).AppendText
848,shared,(*time.Time).UnixMicro
910,github.com/picatz/taint,github.com/picatz/taint.protoMessageSource
1019,shared,(*math/big.nat).div
1132,shared,(*go/types.Func).setScopePos
446,shared,(*github.com/charmbracelet/lipgloss.Position).value
1221,github.com/charmbracelet/lipgloss,(github.com/charmbracelet/lipgloss.Style).GetBorderBottomBackground
1251,github.com/charmbracelet/lipgloss,(github.com/charmbracelet/lipgloss.Style).GetHeight
1334,shared,(*math/big.nat).divW
1456,github.com/picatz/taint/callgraphutil,github.com/picatz/taint/callgraphutil.GraphString
1495,shared,(*math/big.nat).sub
1533,go/types,(go/types.TypeAndValue).Addressable
112,time,(time.Time).Format
165,github.com/picatz/taint/callgraphutil,(*github.com/picatz/taint/callgraphutil.Logger).Info
432,github.com/charmbracelet/lipgloss,(github.com/charmbracelet/lipgloss.Style).Foreground
505,shared,(*go/types.Builtin).setScopePos
527,github.com/muesli/termenv,(github.com/muesli/termenv.Output).CursorNextLine
835,shared,(*go/types.Func).scopePos
1103,shared,(io/fs.FileInfo).Name
1159,go/token,(go/token.Token).IsLiteral
111,shared,(*time.Time).Format
621,shared,(*github.com/muesli/termenv.Profile).Convert
1063,shared,(*go/types.substMap).lookup
1432,github.com/muesli/termenv,(github.com/muesli/termenv.Output).EnableMouseAllMotion
1535,github.com/charmbracelet/lipgloss,(github.com/charmbracelet/lipgloss.Style).UnsetMarginBackground
187,github.com/picatz/taint/callgraphutil,github.com/picatz/taint/callgraphutil.getOrCreateSyntheticMethod
403,shared,(*crypto/tls.SignatureScheme).String
465,github.com/muesli/termenv,(github.com/muesli/termenv.Output).SetForegroundColor
866,shared,(*go/types.Var).setScopePos
1261,golang.org/x/tools/go/callgraph,(golang.org/x/tools/go/callgraph.Edge).Pos
752,time,(time.Duration).Abs
973,shared,(*time.Time).Weekday
1149,github.com/charmbracelet/lipgloss,(github.com/charmbracelet/lipgloss.Style).UnsetString
1368,shared,(*encoding/asn1.BitString).RightAlign
1470,shared,(*github.com/muesli/termenv.Output).EnableMouseHilite
1475,shared,(*go/types.Const).Exported
215,shared,(*github.com/charmbracelet/lipgloss.Style).UnsetBorderRight
507,shared,(*github.com/charmbracelet/lipgloss.Style).GetBlink
884,shared,(*github.com/charmbracelet/lipgloss.Style).GetBorderBottomForeground
1119,crypto/x509,(crypto/x509.ExtKeyUsage).OID
283,github.com/picatz/taint/callgraphutil,(github.com/picatz/taint/callgraphutil.Path).Empty
458,shared,(*net.IP).IsMulticast
869,shared,(*go/types.Checker).PkgNameOf
914,shared,(*time.Duration).Milliseconds
1033,github.com/charmbracelet/lipgloss,(github.com/charmbracelet/lipgloss.Style).GetBorderTopSize
1477,math/big,(math/big.nat).scan
345,go/types,(*go/types.object).sameId
707,github.com/muesli/termenv,(github.com/muesli/termenv.Output).TTY
879,shared,(*time.Duration).String
995,shared,(*github.com/charmbracelet/lipgloss.Style).GetWidth
1105,go/token,(go/token.Token).Precedence
1487,net/textproto,(net/textproto.MIMEHeader).Add
1558,path,path.Match
20,shared,(*github.com/muesli/termenv.Output).EnableMousePixelsMode
32,shared,(*go/types.TypeName).setType
241,github.com/muesli/termenv,(github.com/muesli/termenv.Output).CursorPrevLine
295,shared,(*time.absYday).split
393,shared,(*golang.org/x/tools/go/callgraph.Edge).String
814,github.com/charmbracelet/lipgloss,(github.com/charmbracelet/lipgloss.Border).GetBottomSize
1276,shared,(*go/types.Const).Name
1335,math/big,(math/big.nat).divW
262,shared,(*github.com/muesli/termenv.Style).Width
342,shared,(struct{io.Reader; io.Writer}).Read
425,shared,(*golang.org/x/tools/go/ssa.Alloc).Parent
893,shared,(*net.IP).IsLinkLocalUnicast
1065,shared,(*go/types.TypeName).cmp
1126,math/big,(math/big.nat).sticky
1454,shared,(*time.Duration).Minutes
28,github.com/picatz/taint/callgraphutil,github.com/picatz/taint/callgraphutil.NewGraph
185,go/types,(*go/types.Signature).Recv
367,github.com/muesli/termenv,(github.com/muesli/termenv.Output).DisableMouseAllMotion
681,github.com/picatz/taint/callgraphutil,(*github.com/picatz/taint/callgraphutil.ProgressTracker).Complete
913,crypto/x509,(crypto/x509.ExtKeyUsage).String
957,strings,strings.EqualFold
984,github.com/picatz/taint/xss,github.com/picatz/taint/xss.imports
1424,github.com/muesli/termenv,(github.com/muesli/termenv.Output).SaveScreen
171,github.com/charmbracelet/lipgloss,(github.com/charmbracelet/lipgloss.props).set
1052,shared,(*go/types.Label).setScopePos
1313,github.com/charmbracelet/lipgloss,(github.com/charmbracelet/lipgloss.Style).UnsetStrikethrough
1397,github.com/muesli/termenv,(github.com/muesli/termenv.Style).Bold
1423,shared,(*github.com/muesli/termenv.Output).SaveScreen
1426,golang.org/x/term,golang.org/x/term.GetSize
247,github.com/muesli/termenv,(github.com/muesli/termenv.Style).Faint
274,github.com/picatz/taint/xss,github.com/picatz/taint/xss.isHTTPRequestType
578,crypto/x509,(crypto/x509.OID).EqualASN1OID
867,shared,(*github.com/charmbracelet/lipgloss.Style).Copy
1050,shared,(*go/types.termlist).equal
1339,net,(net.IP).appendTo
682,github.com/picatz/taint/callgraphutil,(*github.com/picatz/taint/callgraphutil.ProgressTracker).Update
796,github.com/muesli/termenv,(github.com/muesli/termenv.Output).Copy
1094,shared,(*github.com/charmbracelet/lipgloss.Style).styleBorder
1403,shared,(*github.com/charmbracelet/lipgloss.Style).GetPaddingRight
1538,sort,sort.Strings
157,github.com/picatz/taint/cmd/logi,github.com/picatz/taint/cmd/logi.init
359,github.com/picatz/taint,(github.com/picatz/taint.valueSet).add
389,shared,(*github.com/muesli/termenv.Output).SetBackgroundColor
675,go/types,go/types.Identical
122,github.com/picatz/taint,github.com/picatz/taint.NewSources
164,time,time.Now
266,shared,(*github.com/charmbracelet/lipgloss.Style).isSet
331,github.com/picatz/taint/callgraphutil,github.com/picatz/taint/callgraphutil.processChangeInterfaceArgsOptimized
606,math/big,(math/big.nat).sqrt
731,shared,(*github.com/charmbracelet/lipgloss.Style).BorderRightBackground
1290,shared,(*math/big.nat).add
222,crypto/x509/pkix,(crypto/x509/pkix.Name).String
333,golang.org/x/tools/go/ssa,(*golang.org/x/tools/go/ssa.register).setPos
716,shared,(flag.Value).String
735,shared,(*go/types.Var).Type
949,net/http,(*net/http.ServeMux).HandleFunc
1187,github.com/muesli/termenv,(github.com/muesli/termenv.Output).EnableBracketedPaste
1354,shared,(*github.com/charmbracelet/lipgloss.Style).GetBorderTopWidth
209,github.com/picatz/taint,github.com/picatz/taint.Check
245,github.com/charmbracelet/lipgloss,(github.com/charmbracelet/lipgloss.Style).GetUnderline
434,go/types,(*go/types.object).Pos
1090,github.com/muesli/termenv,(github.com/muesli/termenv.Style).Styled
1323,github.com/charmbracelet/lipgloss,(github.com/charmbracelet/lipgloss.Style).BorderRightForeground
321,strconv,strconv.init
671,shared,(*github.com/charmbracelet/lipgloss.Style).UnsetTabWidth
1023,github.com/picatz/taint/callgraphutil,github.com/picatz/taint/callgraphutil.getOrCreateSyntheticMethod$1
1120,shared,(*github.com/muesli/termenv.Output).HideCursor
600,github.com/charmbracelet/lipgloss,(github.com/charmbracelet/lipgloss.Style).UnsetBorderTopBackgroundColor
614,time,(time.Time).MarshalJSON
618,crypto/x509,(crypto/x509.SignatureAlgorithm).hashFunc
737,github.com/charmbracelet/lipgloss,(github.com/charmbracelet/lipgloss.Style).Inline
1043,math/big,(math/big.nat).norm
1247,strings,(*strings.Builder).WriteByte
1284,go/types,(go/types.termlist).subsetOf
1465,github.com/charmbracelet/lipgloss,(github.com/charmbracelet/lipgloss.Style).GetAlign
71,fmt,fmt.init
733,shared,(*github.com/charmbracelet/lipgloss.Style).UnsetTransform
1091,shared,(*go/types.Const).sameId
230,github.com/picatz/taint/log/injection,github.com/picatz/taint/log/injection.imports$1
312,shared,(*go/types.TypeName).Pkg
450,shared,(*math/big.nat).mul
457,github.com/charmbracelet/lipgloss,(github.com/charmbracelet/lipgloss.Style).GetBorderLeftBackground
736,shared,(*github.com/charmbracelet/lipgloss.Style).Inline
798,github.com/picatz/taint/callgraphutil,github.com/picatz/taint/callgraphutil.PathsSearchCallToAdvancedAllNodes$1
1491,time,(time.absYday).janFeb
1507,shared,(*go/types.TypeAndValue).IsType
244,shared,(*github.com/charmbracelet/lipgloss.Style).GetUnderline
597,net/url,(*net/url.URL).Query
768,shared,(*net/url.Values).Get
969,shared,(*github.com/muesli/termenv.Output).DisableMouseHilite
1191,strings,strings.TrimSpace
1330,shared,(*net/http.Header).has
1420,net/http,(net/http.Header).writeSubset
1518,golang.org/x/tools/go/ssa,(*golang.org/x/tools/go/ssa.Alloc).Referrers
535,golang.org/x/tools/go/ssa,(*golang.org/x/tools/go/ssa.Function).Name
880,time,(time.Duration).String
1036,github.com/picatz/taint/callgraphutil,github.com/picatz/taint/callgraphutil.forwardSlice$1
1297,net/url,(net/url.Values).Add
1473,github.com/muesli/termenv,(github.com/muesli/termenv.Output).AltScreen
1565,shared,(*github.com/muesli/termenv.Output).ClearLines
49,net/http,(net/http.Header).get
257,math/big,(math/big.nat).rem
1266,shared,(*github.com/muesli/termenv.Style).Italic
1453,github.com/charmbracelet/lipgloss,(github.com/charmbracelet/lipgloss.Style).UnsetHeight
223,shared,(*golang.org/x/tools/go/ssa.register).Block
